date,S,dS
2023-06-20,-3.6812420336430485,
2023-06-21,-3.597162349393461,0.08407968424958767
2023-06-22,-3.5150030477861716,0.08215930160728924
2023-06-23,-3.4347202672210138,0.08028278056515781
2023-06-26,-3.204707326017325,0.23001294120368865
2023-06-27,-3.1315117095320866,0.07319561648523853
2023-06-28,-3.059987883237845,0.07152382629424148
2023-06-29,-2.9900976633938683,0.06989021984397681
2023-06-30,-2.9218037383772644,0.06829392501660392
2023-07-03,-2.7261392827015665,0.1956644556756979
2023-07-04,-2.6638741754320208,0.062265107269545705
2023-07-05,-2.6030312051779565,0.060842970254064266
2023-07-06,-2.543577890285049,0.05945331489290728
2023-07-07,-2.485482490980984,0.058095399304065154
2023-07-10,-2.3190371639723444,0.16644532700863968
2023-07-11,-2.2660702819450584,0.052966882027285944
2023-07-12,-2.214313165175217,0.05175711676984163
2023-07-13,-2.1637381825861497,0.05057498258906712
2023-07-14,-2.114318334195855,0.049419848390294785
2023-07-17,-1.9727287604158779,0.14158957377997705
2023-07-18,-1.9276715732573082,0.045057187158569656
2023-07-19,-1.8836434936757047,0.044028079581603485
2023-07-20,-1.8406210168215242,0.04302247685418048
2023-07-21,-1.7985811746967304,0.042039842124793836
2023-07-24,-1.6781355739490758,0.12044560074765465
2023-07-25,-1.639806904468464,0.038328669480611754
2023-07-26,-2.3119508825353705,-0.6721439780669065
2023-07-27,-3.1621781362909807,-0.8502272537556101
2023-07-28,-3.0899538878415576,0.0722242484494231
2023-07-31,-2.883028919683597,0.20692496815796035
2023-08-01,-2.817180448153042,0.0658484715305554
2023-08-02,-2.7528359577908015,0.06434449036224033
2023-08-03,-2.6899610976195163,0.06287486017128519
2023-08-04,-3.902077749551496,-1.21211665193198
2023-08-07,-3.6407672758732454,0.2613104736782508
2023-08-08,-3.5576120363687362,0.0831552395045092
2023-08-09,-3.4763560651593677,0.08125597120936856
2023-08-10,-3.3969559828973273,0.07940008226204043
2023-08-11,-3.319369401020475,0.07758658187685219
2023-08-14,-3.0970811622498746,0.22228823877060044
2023-08-15,-3.0263437307423846,0.07073743150749001
2023-08-16,-2.9572219444034076,0.06912178633897703
2023-08-17,-2.8896789018462936,0.06754304255711396
2023-08-18,-2.823678544513231,0.06600035733306253
2023-08-21,-2.634585239525478,0.189093304987753
2023-08-22,-2.5744112294920454,0.0601740100334327
2023-08-23,-2.5156115957472154,0.05879963374482999
2023-08-24,-2.4581549474931723,0.05745664825404306
2023-08-25,-2.4020106108989143,0.05614433659425799
2023-08-28,-2.241155145990169,0.16085546490874547
2023-08-29,-2.189967091712,0.05118805427816886
2023-08-30,-2.139948174209336,0.050018917502664184
2023-08-31,-2.0910716903613165,0.04887648384801935
2023-09-01,-2.043311546947209,0.0477601434141075
2023-09-04,-1.9064770852898565,0.13683446165735247
2023-09-05,-1.8629330884824498,0.043543996807406726
2023-09-06,-1.8203836379366227,0.04254945054582704
2023-09-07,-1.7788060181843683,0.04157761975225438
2023-09-08,-1.738178032579684,0.04062798560468428
2023-09-11,-1.6217774495613846,0.11640058301829947
2023-09-12,-3.391758649675805,-1.7699812001144204
2023-09-13,-3.31429077505379,0.07746787462201477
2023-09-14,-3.238592269133474,0.07569850592031635
2023-09-15,-3.1646227194778587,0.0739695496556152
2023-09-18,-2.9526974030397732,0.21192531643808543
2023-09-19,-2.8852577011502256,0.06743970188954762
2023-09-20,-2.819358324180619,0.06589937696960657
2023-09-21,-2.7549640910611624,0.06439423311945669
2023-09-22,-2.692040624258807,0.0629234668023555
2023-09-25,-2.5117627169908086,0.1802779072679983
2023-09-26,-2.4543939772490546,0.05736873974175394
2023-09-27,-2.3983355413338896,0.05605843591516502
2023-09-28,-2.3435574818645537,0.054778059469335894
2023-09-29,-2.2900305550026085,0.05352692686194516
2023-10-02,-2.1366740594447786,0.15335649555782993
2023-10-03,-2.0878723564813324,0.048801702963446214
2023-10-04,-2.0401852859540326,0.04768707052729981
2023-10-05,-1.9935873896228566,0.04659789633117595
2023-10-06,-1.9480537907147812,0.0455335989080754
2023-10-09,-1.8175984560252298,0.1304553346895514
2023-10-10,-1.7760844499157478,0.04151400610948208
2023-10-11,-1.7355186250162273,0.04056582489952043
2023-10-12,-1.6958793248379025,0.03963930017832484
2023-10-13,-1.657145387526895,0.03873393731100738
2023-10-16,-1.546171318335641,0.11097406919125419
2023-10-17,-1.5108567166187916,0.0353146017168493
2023-10-18,-1.476348701519887,0.034508015098904554
2023-10-19,-1.4426288505751128,0.033719850944774254
2023-10-20,-1.4096791620903093,0.03294968848480351
2023-10-23,-1.3152771657122218,0.09440199637808755
2023-10-24,-1.4653532571061796,-0.15007609139395783
2023-10-25,-1.6929480092748457,-0.2275947521686661
2023-10-26,-2.8827632637729206,-1.189815254498075
2023-10-27,-4.137680945231489,-1.2549176814585685
2023-10-30,-3.860592830354182,0.2770881148773072
2023-10-31,-3.772416768246368,0.08817606210781381
2023-11-01,-3.686254650180441,0.0861621180659271
2023-11-02,-3.6020604776109124,0.08419417256952855
2023-11-03,-3.5197893026005245,0.08227117501038794
2023-11-06,-3.28407954258462,0.23570976001590438
2023-11-07,-3.2090710621675402,0.07500848041707986
2023-11-08,-3.1357757778108857,0.07329528435665456
2023-11-09,-3.0641545600625584,0.0716212177483273
2023-11-10,-2.99416917318838,0.06998538687417843
2023-11-13,-2.7936586208272436,0.20051055236113635
2023-11-14,-2.729851369743608,0.06380725108363539
2023-11-15,-2.667501478288847,0.06234989145476133
2023-11-16,-2.6065756603230343,0.060925817965812534
2023-11-17,-2.5470413899627298,0.059534270360304564
2023-11-20,-2.3764736476449944,0.17056774231773542
2023-11-21,-2.3221949145176,0.054278733127394396
2023-11-22,-2.269155909368185,0.053039005149415175
2023-11-23,-2.217328316770598,0.05182759259758685
2023-11-24,-2.166684468023917,0.05064384874668093
2023-11-27,-2.0215880909166914,0.14509637710722556
2023-11-28,-1.975414955107202,0.04617313580948945
2023-11-29,-1.9302964151770907,0.04511853993011128
2023-11-30,-1.8862083841231845,0.04408803105390624
2023-12-01,-1.843127325090221,0.04308105903296355
2023-12-04,-1.7196986019121625,0.12342872317805842
2023-12-05,-1.6804206315609056,0.03927797035125691
2023-12-06,-1.64203977129231,0.03838086026859555
2023-12-07,-1.6045355310837701,0.03750424020853993
2023-12-08,-1.5678878889054428,0.03664764217832728
2023-12-11,-1.4628911273797751,0.10499676152566773
2023-12-12,-2.9869601853597283,-1.5240690579799532
2023-12-13,-2.9187379204404618,0.06822226491926653
2023-12-14,-2.8520738542054387,0.06666406623502308
2023-12-15,-2.7869323973475244,0.06514145685791428
2023-12-18,-2.600299871908007,0.18663252543951758
2023-12-19,-2.5409089407532015,0.059390931154805315
2023-12-20,-2.4828745003406913,0.05803444041251016
2023-12-21,-2.426165568379105,0.05670893196158655
2023-12-22,-2.3707518702135806,0.05541369816552422
2023-12-25,-2.2119897096568577,0.15876216055672288
2023-12-26,-2.161467794865172,0.050521914791685774
2023-12-27,-2.112099802202091,0.049367992663080784
2023-12-28,-2.063859376049772,0.04824042615231905
2023-12-29,-2.016720762753518,0.04713861329625413
2024-01-01,-1.8816670063663072,0.13505375638721073
2024-01-02,-1.8386896725446624,0.042977333821644814
2024-01-03,-1.7966939423841166,0.04199573016054581
2024-01-04,-1.7556573960260644,0.041036546358052206
2024-01-05,-1.71555812568218,0.0400992703438845
2024-01-08,-1.600672330160522,0.11488579552165801
2024-01-09,-1.5641129236132265,0.03655940654729539
2024-01-10,-1.5283885350654969,0.035724388547729635
2024-01-11,-1.4934800926798644,0.03490844238563251
2024-01-12,-1.4593689602202309,0.034111132459633486
2024-01-15,-1.361639386710242,0.09772957350998879
2024-01-16,-1.330539500136606,0.03109988657363605
2024-01-17,-1.3001499359540034,0.030389564182602635
2024-01-18,-1.270454470376601,0.029695465577402436
2024-01-19,-1.2414372501703457,0.0290172202062553
2024-01-22,-1.158301911331666,0.08313533883867974
2024-01-23,-1.1318462591141776,0.026455652217488357
2024-01-24,-1.1059948548284289,0.025851404285748725
2024-01-25,-1.0807338974325862,0.025260957395842665
2024-01-26,-1.0560499011010456,0.024683996331540614
2024-01-29,-0.9853293984364581,0.07072050266458751
2024-01-30,-0.3133438749201351,0.671985523516323
2024-01-31,-0.3737823789660656,-0.060438504045930486
2024-02-01,-0.365245177631758,0.008537201334307576
2024-02-02,-4.499896388811945,-4.134651211180187
2024-02-05,-4.198551789258886,0.30134459955305903
2024-02-06,-4.102656733861759,0.0958950553971265
2024-02-07,-4.008951924556903,0.0937048093048567
2024-02-08,-3.917387336054434,0.09156458850246896
2024-02-09,-3.827914085643665,0.08947325041076892
2024-02-12,-3.5715701306739915,0.2563439549696733
2024-02-13,-3.489995356150093,0.08157477452389861
2024-02-14,-3.4102837520512903,0.07971160409880262
2024-02-15,-3.332392763506261,0.0778909885450294
2024-02-16,-3.256280807598287,0.0761119559079737
2024-02-19,-3.038217423197321,0.21806338440096606
2024-02-20,-2.968824441347871,0.06939298184945031
2024-02-21,-2.901016397394303,0.06780804395356776
2024-02-22,-2.8347570913050473,0.06625930608925579
2024-02-23,-2.7700111498583944,0.06474594144665291
2024-02-26,-2.58451178974269,0.18549936011570445
2024-02-27,-2.5254814588829033,0.059030330859786595
2024-02-28,-2.4677993826432916,0.057682076239611746
2024-02-29,-2.41143476684577,0.05636461579752172
2024-03-01,-2.3563575206522556,0.055077246193514284
2024-03-04,-2.1985593066244284,0.15779821402782712
2024-03-05,-2.1483441426619443,0.050215163962484155
2024-03-06,-2.099275894629443,0.049068248032501316
2024-03-07,-2.05132836693088,0.04794752769856281
2024-03-08,-2.004475962278452,0.04685240465242835
2024-03-11,-1.8702422035482846,0.13423375873016719
2024-03-12,-3.5163850875576568,-1.6461428840093721
2024-03-13,-3.436070741160493,0.08031434639716384
2024-03-14,-3.3575907769702225,0.07847996419027048
2024-03-15,-3.2809032976393384,0.07668747933088405
2024-03-18,-3.0611910187394087,0.21971227889992972
2024-03-19,-2.9912733192425973,0.06991769949681137
2024-03-20,-2.9229525422092992,0.06832077703329809
2024-03-21,-2.856192213880038,0.06676032832926104
2024-03-22,-2.790956693557156,0.06523552032288205
2024-03-25,-2.60405467303931,0.186902020517846
2024-03-26,-2.544577982108143,0.05947669093116703
2024-03-27,-2.486459740675271,0.05811824143287225
2024-03-28,-2.429668921711271,0.05679081896400007
2024-03-29,-2.3741752068450537,0.055493714866217125
2024-04-01,-2.215183795675159,0.15899141116989446
2024-04-02,-2.1645889278579915,0.05059486781716771
2024-04-03,-2.1151496484188335,0.049439279439158046
2024-04-04,-2.0668395636826533,0.04831008473618015
2024-04-05,-2.0196328828067918,0.04720668087586155
2024-04-08,-1.8843841104513277,0.13524877235546406
2024-04-09,-1.841344717886614,0.043039392564713674
2024-04-10,-1.7992883464066494,0.04205637147996466
2024-04-11,-1.7581925437788284,0.041095802627820976
2024-04-12,-1.7180353705802465,0.04015717319858192
2024-04-15,-1.602983681378535,0.1150516892017115
2024-04-16,-1.5663714834964608,0.03661219788207415
2024-04-17,-1.5305955093697046,0.03577597412675626
2024-04-18,-1.4956366596212989,0.034958849748405685
2024-04-19,-1.4614762711046496,0.034160388516649265
2024-04-22,-1.3636055772888294,0.09787069381582025
2024-04-23,-1.332460782860314,0.031144794428515254
2024-04-24,-1.302027336519655,0.03043344634065903
2024-04-25,-1.8576001222336174,-0.5555727857139623
2024-04-26,-2.0754773858361375,-0.21787726360252013
2024-04-29,-1.9364888741736839,0.13898851166245363
2024-04-30,-1.8922594071608254,0.04422946701285846
2024-05-01,-3.049389637334774,-1.1571302301739486
2024-05-02,-2.9797414817617645,0.06964815557300952
2024-05-03,-2.911684092260539,0.06805738950122553
2024-05-06,-2.7166973190119847,0.19498677324855418
2024-05-07,-2.654647866491151,0.062049452520833714
2024-05-08,-2.594015625424532,0.06063224106661913
2024-05-09,-2.5347682266577767,0.05924739876675522
2024-05-10,-2.4768740403490423,0.05789418630873433
2024-05-13,-2.311005195526726,0.16586884482231623
2024-05-14,-2.258221763912274,0.05278343161445198
2024-05-15,-2.2066439075420443,0.051577856370229824
2024-05-16,-2.1562440910394054,0.05039981650263892
2024-05-17,-2.106995407936595,0.049248683102810276
2024-05-20,-1.9658962286213972,0.1410991793151979
2024-05-21,-1.9209950967046876,0.044901131916709636
2024-05-22,-1.8771195080582939,0.04387558864639374
2024-05-23,-1.8342460392415496,0.042873468816744253
2024-05-24,-1.7923518018059132,0.04189423743563636
2024-05-27,-1.6723233635253583,0.12002843828055498
2024-05-28,-1.634127445114291,0.038195918411067176
2024-05-29,-1.5968039226854158,0.037323522428875266
2024-05-30,-1.560332870686961,0.036471051998454795
2024-05-31,-1.5246948186673872,0.03563805201957382
2024-06-03,-1.4225905678419024,0.1021042508254848
2024-06-04,-1.3900985543672495,0.032492013474652914
2024-06-05,-1.3583486595059922,0.031749894861257344
2024-06-06,-1.327323933245576,0.03102472626041619
2024-06-07,-1.297007812712266,0.03031612053331001
2024-06-10,-1.2101510795415367,0.08685673317072928
2024-06-11,-1.1825111906854766,0.027639888856060058
2024-06-12,-1.155502597763363,0.02700859292211355
2024-06-13,-1.129110881956137,0.02639171580722599
2024-06-14,-1.1033219537710226,0.025788928185114468
2024-06-17,-1.0294357831552121,0.07388617061581049
2024-06-18,-1.0059234373730304,0.023512345782181754
2024-06-19,-0.9829481143106987,0.022975323062331632
2024-06-20,-2.183345948907048,-1.2003978345963495
2024-06-21,-2.1334782585150505,0.04986769039199768
2024-06-24,-1.9906056019210354,0.14287265659401505
2024-06-25,-1.9451401071381924,0.04546549478284301
2024-06-26,-1.900713045691342,0.04442706144685049
2024-06-27,-1.857300699730311,0.04341234596103094
2024-06-28,-1.8148798931213732,0.04242080660893777
2024-07-01,-1.6933428159590367,0.12153707716233653
2024-07-02,-1.6546668125908894,0.03867600336814725
2024-07-03,-1.6168741703605076,0.03779264223038181
2024-07-04,-1.5799447132716216,0.036929457088886064
2024-07-05,-1.5438587261483514,0.03608598712327016
2024-07-08,-1.4404711257684009,0.10338760037995054
2024-07-09,-1.4075707197862934,0.03290040598210742
2024-07-10,-1.3754217601153433,0.032148959670950106
2024-07-11,-1.344007083698084,0.03141467641725937
2024-07-12,-1.3133099194818227,0.03069716421626123
2024-07-15,-1.2253614829890886,0.0879484364927341
2024-07-16,-1.1973741880381588,0.027987294950929886
2024-07-17,-1.170026123787348,0.027348064250810822
2024-07-18,-1.143302690187288,0.02672343360005991
2024-07-19,-1.117189620654199,0.026113069533089117
2024-07-22,-1.0423747738728584,0.07481484678134054
2024-07-23,-1.0185669011342564,0.023807872738601965
2024-07-24,-1.185064602791062,-0.16649770165680566
2024-07-25,-1.1579976898558568,0.027066912935205245
2024-07-26,-1.1315489860664785,0.02644870378937836
2024-07-29,-1.0557725355400478,0.07577645052643067
2024-07-30,-0.09603994588686904,0.9597325896531788
2024-07-31,-0.09384639049123988,0.0021935553956291542
2024-08-01,-0.7029242038148305,-0.6090778133235906
2024-08-02,-1.8857550760592545,-1.182830872244424
2024-08-05,-1.7594716999212865,0.12628337613796803
2024-08-06,-1.7192853107560329,0.04018638916525363
2024-08-07,-1.6800167799878278,0.03926853076820502
2024-08-08,-1.64164514370191,0.03837163628591789
2024-08-09,-1.6041499167999909,0.03749522690191909
2024-08-12,-1.4967247957454166,0.10742512105457425
2024-08-13,-1.462539554165344,0.03418524158007252
2024-08-14,-1.429135104582044,0.03340444958330013
2024-08-15,-1.396493613681663,0.03264149090038093
2024-08-16,-1.3645976554638,0.03189595821786306
2024-08-19,-1.2732146327215028,0.09138302274229715
2024-08-20,-1.2441343703201637,0.029080262401339096
2024-08-21,-1.2157183020300115,0.028416068290152197
2024-08-22,-1.1879512576365814,0.02776704439343014
2024-08-23,-1.1608184134135846,0.027132844222996777
2024-08-26,-1.0830818768982873,0.07773653651529733
2024-08-27,-1.0583442526416342,0.024737624256653046
2024-08-28,-1.034171636503865,0.02417261613776933
2024-08-29,-1.0105511236817093,0.023620512822155604
2024-08-30,-0.9874701041180107,0.023081019563698568
2024-09-02,-0.9213421852983903,0.06612791881962043
2024-09-03,-0.9002987007033143,0.02104348459507599
2024-09-04,-0.8797358499606429,0.02056285074267139
2024-09-05,-0.8596426553780167,0.02009319458262626
2024-09-06,-0.8400083899939144,0.01963426538410229
2024-09-09,-0.7837555410320388,0.056252848961875546
2024-09-10,-2.334956592951637,-1.5512010519195982
2024-09-11,-2.281626110663956,0.053330482287681225
2024-09-12,-2.2295136982751425,0.05211241238881348
2024-09-13,-2.178591535030257,0.05092216324488552
2024-09-16,-2.032697777266046,0.14589375776421099
2024-09-17,-1.9862708958696518,0.04642688139639417
2024-09-18,-1.9409044059098504,0.045366489959801415
2024-09-19,-1.8965740880127584,0.044330317897091964
2024-09-20,-1.853256275975756,0.04331781203700236
2024-09-23,-1.7291492472580228,0.12410702871773327
2024-09-24,-1.6896554238687498,0.039493823389272986
2024-09-25,-1.6510636406523398,0.03859178321640999
2024-09-26,-1.6133532949827716,0.03771034566956821
2024-09-27,-1.5765042547986514,0.03684904018412016
2024-09-30,-1.4709304810252912,0.10557377377336019
2024-10-01,-1.4373343824076439,0.03359609861764734
2024-10-02,-1.4045056197429098,0.03282876266473411
2024-10-03,-1.3724266670537024,0.03207895268920735
2024-10-04,-1.3410803986565134,0.031346268397189014
2024-10-07,-1.251272256249861,0.08980814240665236
2024-10-08,-1.222693158419762,0.028579097830099043
2024-10-09,-1.194766808086223,0.027926350333538963
2024-10-10,-1.1674782964758186,0.027288511610404464
2024-10-11,-1.140813055331978,0.026665241143840612
2024-10-14,-1.064416217800641,0.07639683753133686
2024-10-15,-1.040104917786974,0.024311300013667214
2024-10-16,-1.0163488886330232,0.023756029153950697
2024-10-17,-0.993135447934826,0.023213440698197196
2024-10-18,-0.9704522029549253,0.022683244979900707
2024-10-21,-0.9054639220665188,0.06498828088840647
2024-10-22,-0.8847830975048683,0.020680824561650546
2024-10-23,-0.8645746236290115,0.02020847387585678
2024-10-24,-0.8448277119343749,0.019746911694636604
2024-10-25,-0.8255318203261699,0.019295891608204996
2024-10-28,-0.7702484239277525,0.055283396398417395
2024-10-29,-0.7526559256117704,0.017592498315982086
2024-10-30,-0.9075539545987019,-0.1548980289869315
2024-10-31,-1.6133164061961884,-0.7057624515974865
2024-11-01,-2.0645960728376274,-0.4512796666414389
2024-11-04,-1.926336250154836,0.13825982268279136
2024-11-05,-1.882338669395043,0.04399758075979299
2024-11-06,-1.8393459947686206,0.04299267462642242
2024-11-07,-1.7973352741877624,0.042010720580858196
2024-11-08,-1.756284079791071,0.04105119439669136
2024-11-11,-1.6386709889559319,0.11761309083513916
2024-11-12,-1.6012436918422928,0.037427297113639124
2024-11-13,-1.5646712353761503,0.03657245646614249
2024-11-14,-1.5289340949701313,0.03573714040601894
2024-11-15,-1.494013191979056,0.03492090299107531
2024-11-18,-1.3939635979076734,0.10004959407138259
2024-11-19,-1.36212542532995,0.03183817257772348
2024-11-20,-1.331014437618898,0.03111098771105203
2024-11-21,-1.300614025849208,0.030400411769689883
2024-11-22,-1.2709079604439495,0.029706065405258553
2024-11-25,-1.1857990563009608,0.08510890414298866
2024-11-26,-1.1587153684244056,0.02708368787655524
2024-11-27,-1.132250272833868,0.02646509559053767
2024-11-28,-1.1063896408620084,0.025860631971859505
2024-11-29,-1.0811196665406968,0.025269974321311617
2024-12-02,-1.0087203166817422,0.07239934985895458
2024-12-03,-0.9856811128077136,0.02303920387402858
2024-12-04,-0.9631681250774179,0.022512987730295753
2024-12-05,-0.9411693346975216,0.02199879037989627
2024-12-06,-0.9196729973843106,0.02149633731321099
2024-12-09,-0.8580852479851059,0.06158774939920475
2024-12-10,-3.38550575272415,-2.527420504739044
2024-12-11,-3.308180694465888,0.07732505825826186
2024-12-12,-3.232621742979069,0.07555895148681913
2024-12-13,-3.158788560329284,0.07383318264978511
2024-12-16,-2.9472539400762767,0.21153462025300707
2024-12-17,-2.8799385670526423,0.06731537302363444
2024-12-18,-2.8141606792737273,0.06577788777891502
2024-12-19,-2.7498851605280117,0.06427551874571558
2024-12-20,-2.687077696659353,0.06280746386865887
2024-12-23,-2.5071321418059105,0.17994555485344232
2024-12-24,-2.4498691645475468,0.05726297725836371
2024-12-25,-2.393914075497313,0.05595508905023383
2024-12-26,-2.339237002447251,0.054677073050061864
2024-12-27,-2.2858087554715767,0.05342824697567439
2024-12-30,-2.1327349811986718,0.15307377427290492
2024-12-31,-2.0840232469067064,0.0487117342919654
2025-01-01,-2.0364240901635915,0.04759915674311488
2025-01-02,-1.9899120996629938,0.04651199050059773
2025-01-03,-1.9444624444936147,0.045449655169379044
2025-01-06,-1.8142476115168507,0.13021483297676406
2025-01-07,-1.772810138801712,0.04143747271513876
2025-01-08,-1.732319099271392,0.04049103953031996
2025-01-09,-1.692752876362075,0.039566222909316995
2025-01-10,-1.6540903472329442,0.03866252912913071
2025-01-13,-1.5433208649509105,0.11076948228203376
2025-01-14,-1.508071367679345,0.035249497271565566
2025-01-15,-1.4736269700381388,0.034444397641206104
2025-01-16,-1.4399692835263211,0.033657686511817664
2025-01-17,-1.4070803396368636,0.03288894388945751
2025-01-20,-1.3128523786240098,0.0942279610128538
2025-01-21,-1.2828667888550622,0.029985589768947607
2025-01-22,-1.2535660709029552,0.02930071795210698
2025-01-23,-1.2249345822737734,0.028631488629181856
2025-01-24,-1.1969570377486567,0.027977544525116693
2025-01-27,-1.1168004056716645,0.0801566320769922
2025-01-28,-1.0912926491534767,0.02550775651818782
2025-01-29,-1.4999056717650796,-0.4086130226116029
2025-01-30,-2.9677128373753057,-1.467807165610226
2025-01-31,-2.89993018249156,0.06778265488374569
2025-02-03,-2.7057305334179804,0.19419964907357956
2025-02-04,-2.643931562626289,0.0617989707916915
2025-02-05,-2.4954722282714115,0.14845933435487746
2025-02-06,-2.4384755638062297,0.05699666446518181
2025-02-07,-5.749942806744688,-3.311467242938458
2025-02-10,-5.364886338142544,0.38505646860214426
2025-02-11,-5.242352164832685,0.12253417330985883
2025-02-12,-5.122616675909106,0.11973548892357844
2025-02-13,-5.005615949332085,0.11700072657702165
2025-02-14,-4.891287523043298,0.11432842628878692
2025-02-17,-4.563732630091749,0.3275548929515484
2025-02-18,-4.459496832762792,0.1042357973289576
2025-02-19,-4.357641784335109,0.10185504842768278
2025-02-20,-4.258113108428647,0.09952867590646175
2025-02-21,-4.160857670621585,0.09725543780706225
2025-02-24,-3.88221747977893,0.2786401908426548
2025-02-25,-3.7935475099956566,0.08866996978327357
2025-02-26,-3.7069027651211686,0.08664474487448803
2025-02-27,-3.62223698895462,0.08466577616654858
2025-02-28,-3.5395049817882542,0.08273200716636575
2025-03-03,-3.3024749217173284,0.23703006007092586
2025-03-04,-3.2270462902601937,0.07542863145713463
2025-03-05,-3.1533404511265015,0.07370583913369222
2025-03-06,-3.0813180556852027,0.07202239544129885
2025-03-07,-3.010940654029225,0.0703774016559775
2025-03-10,-2.8093069657686796,0.20163368826054562
2025-03-11,-5.312276530502258,-2.5029695647335783
2025-03-12,-5.190943966859572,0.12133256364268608
2025-03-13,-5.072382642800439,0.118561324059133
2025-03-14,-4.956529263125294,0.11585337967514509
2025-03-17,-4.624605326013519,0.3319239371117746
2025-03-18,-4.518979194388217,0.10562613162530177
2025-03-19,-4.415765566943404,0.10321362744481366
2025-03-20,-4.3149093420074465,0.10085622493595725
2025-03-21,-4.21635667643263,0.09855266557481634
2025-03-24,-3.9339998831981275,0.2823567932345026
2025-03-25,-3.84414720168621,0.08985268151191761
2025-03-26,-3.7563467582562913,0.08780044342991866
2025-03-27,-3.6705516797257998,0.08579507853049151
2025-03-28,-3.5867161634971314,0.08383551622866836
2025-03-31,-3.3465245118211495,0.2401916516759819
2025-04-01,-3.2700897863355847,0.07643472548556485
2025-04-02,-3.1954008323928296,0.0746889539427551
2025-04-03,-3.1224177765157406,0.07298305587708898
2025-04-04,-3.05110165593865,0.07131612057709047
2025-04-07,-2.8467785055233454,0.2043231504153047
2025-04-08,-2.781757994596482,0.06502051092686356
2025-04-09,-2.71822255419161,0.06353544040487202
2025-04-10,-2.656138265251129,0.0620842889404809
2025-04-11,-2.5954719834297864,0.060666281821342594
2025-04-14,-2.4216609891494643,0.1738109942803221
2025-04-15,-2.366350175715735,0.05531081343372923
2025-04-16,-2.31230266300676,0.05404751270897501
2025-04-17,-2.2594895971941087,0.05281306581265133
2025-04-18,-2.207882783471702,0.05160681372240683
2025-04-21,-2.0600274784252157,0.14785530504648614
2025-04-22,-2.012976385791663,0.04705109263355256
2025-04-23,-1.966999941599064,0.045976444192599164
2025-04-24,-1.922073600843105,0.04492634075595903
2025-04-25,-2.7246033794984976,-0.8025297786553927
2025-04-28,-2.5421448419247787,0.18245853757371888
2025-04-29,-2.4840821734904983,0.05806266843428043
2025-04-30,-2.808071133380568,-0.3239889598900696
2025-05-01,-3.9874295997419953,-1.1793584663614274
2025-05-02,-5.457748176389899,-1.4703185766479034
2025-05-05,-5.092259108071623,0.36548906831827566
2025-05-06,-4.9759517493022685,0.11630735876935461
2025-05-07,-4.862300854278536,0.11365089502373227
2025-05-08,-4.751245749284622,0.11105510499391436
2025-05-09,-4.642727146394306,0.10851860289031556
2025-05-12,-4.331817598289424,0.310909548104882
2025-05-13,-4.232878747607405,0.09893885068201946
2025-05-14,-4.136199663398043,0.09667908420936211
2025-05-15,-4.0417287325237705,0.09447093087427216
2025-05-16,-3.949415520692712,0.09231321183105834
2025-05-19,-3.6849349780938194,0.26448054259889275
2025-05-20,-3.6007709468764046,0.08416403121741478
2025-05-21,-3.518529224788698,0.08224172208770675
2025-05-22,-3.4381659062294956,0.08036331855920231
2025-05-23,-3.3596380884029147,0.07852781782658091
2025-05-26,-3.1346531761035727,0.22498491229934192
2025-05-27,-3.0630575986136757,0.07159557748989709
2025-05-28,-2.993097266373617,0.0699603322400586
2025-05-29,-2.924734830330271,0.06836243604334591
2025-05-30,-2.8579337944840675,0.06680103584620367
2025-06-02,-2.666546517881609,0.19138727660245847
2025-06-03,-2.605642511241642,0.06090400663996709
2025-06-04,-2.5461295540358115,0.059512957205830386
2025-06-05,-2.4879758746511347,0.05815367938467686
2025-06-06,-2.431150427139268,0.05682544751186658
2025-06-09,-2.2683435559097385,0.16280687122952964
2025-06-10,-2.2165345174907856,0.0518090384189529
2025-06-11,-2.1659087991447126,0.05062571834607299
2025-06-12,-2.1164393738037024,0.049469425341010176
2025-06-13,-2.0680998316990213,0.048339542104681055
2025-06-16,-1.9296053727669058,0.13849445893211554
2025-06-17,-1.8855331251434615,0.044072247623444305
2025-06-18,-3.9540568115918537,-2.0685236864483922
2025-06-19,-3.863746029202311,0.0903107823895426
2025-06-20,-3.7754979479332738,0.08824808126903738
2025-06-23,-3.5226641449012597,0.2528338030320141
2025-06-24,-3.4422063846361644,0.08045776026509532
2025-06-25,-3.363586282155235,0.07862010248092943
2025-06-26,-3.286761865296672,0.076824416858563
2025-06-27,-3.2116921205441793,0.07506974475249262
2025-06-30,-2.996614707126528,0.2150774134176512
2025-07-01,-2.9281719326253555,0.06844277450117264
2025-07-02,-2.861292393254238,0.06687953937111768
2025-07-03,-2.795940384673459,0.06535200858077861
2025-07-04,-2.7320810180315496,0.06385936664190961
2025-07-07,-2.5491217253749037,0.1829592926566459
2025-07-08,-2.4908997047023913,0.058222020672512365
2025-07-09,-2.4340074768198616,0.05689222788252968
2025-07-10,-2.3784146692180146,0.05559280760184704
2025-07-11,-2.3240916030966225,0.05432306612139204
2025-07-14,-2.1684541410428166,0.1556374620538059
2025-07-15,-2.1189265800125083,0.04952756103030831
2025-07-16,-2.070530230039507,0.04839634997300113
2025-07-17,-2.0232392542275575,0.04729097581194974
2025-07-18,-1.9770284057959269,0.04621084843163059
2025-07-21,-1.844632727813019,0.13239567798290786
2025-07-22,-1.8025012580825468,0.042131469730472215
2025-07-23,-1.7613320724506298,0.04116918563191696
2025-07-24,-2.4136935927902057,-0.6523615203395758
2025-07-25,-2.3585647549408195,0.05512883784938616
2025-07-28,-2.2006187290357095,0.15794602590510998
2025-07-29,-2.1503565278003443,0.05026220123536529
2025-07-30,-2.5120948208493576,-0.3617382930490134
2025-07-31,-3.249621285670713,-0.7375264648213555
2025-08-01,-4.839759429057051,-1.590138143386338
2025-08-04,-4.515655218411572,0.324104210645479
2025-08-05,-4.41251751068299,0.10313770772858177
2025-08-06,-4.311735471454548,0.10078203922844242
2025-08-07,-4.213255297183345,0.09848017427120315
2025-08-08,-4.117024413201096,0.09623088398224855
2025-08-11,-3.8413196044790885,0.27570480872200775
2025-08-12,-3.753583743458636,0.08773586102045261
2025-08-13,-3.6678517722733393,0.08573197118529663
2025-08-14,-3.5840779220161094,0.08377385025722983
2025-08-15,-3.5022174691431402,0.08186045287296917
2025-08-18,-3.2676844422470896,0.2345330268960506
2025-08-19,-3.1930504264392434,0.07463401580784623
2025-08-20,-3.120121053908326,0.07292937253091747
2025-08-21,-3.0488573905480867,0.07126366336023926
2025-08-22,-2.979221391508486,0.06963599903960072
2025-08-25,-2.7797118473696125,0.19950954413887345
2025-08-26,-2.71622314103199,0.0634887063376226
2025-08-27,-2.654184518751188,0.062038622280801814
2025-08-28,-2.593562860561575,0.06062165818961329
2025-08-29,-2.5343258029585813,0.05923705760299347
2025-09-01,-2.3646095854633664,0.16971621749521493
2025-09-02,-2.310601827890699,0.054007757572667625
2025-09-03,-2.257827609205786,0.05277421868491272
2025-09-04,-2.206258755341495,0.05156885386429089
2025-09-05,-2.1558677357272744,0.05039101961422077
2025-09-08,-2.0114957228233017,0.14437201290397272
2025-09-09,-1.9655530970196384,0.04594262580366326
2025-09-10,-3.384954788710698,-1.4194016916910597
2025-09-11,-3.307642314487895,0.0773124742228033
2025-09-12,-3.2320956596167676,0.07554665487112722
2025-09-15,-3.015651882225364,0.21644377739140364
2025-09-16,-2.9467742980440113,0.0688775841813527
2025-09-17,-2.8794698800595326,0.06730441798447862
2025-09-18,-2.8137026971063355,0.06576718295319717
2025-09-19,-2.7494376386877795,0.06426505841855601
2025-09-22,-2.5653160250687543,0.18412161361902513
2025-09-23,-2.5067241260800497,0.05859189898870465
2025-09-24,-2.449470467913744,0.057253658166305677
2025-09-25,-2.3935244851072115,0.05594598280653251
2025-09-26,-2.3388563103139575,0.05466817479325403
2025-09-29,-2.1822300999869713,0.1566262103269862
2025-09-30,-2.1323878956195306,0.04984220436744069
2025-10-01,-2.0836840887731487,0.04870380684638187
2025-10-02,-2.0360926784125106,0.047591410360638076
2025-10-03,-1.9895882573667678,0.046504421045742816
2025-10-06,-1.856351483697419,0.13323677366934872
2025-10-07,-1.8139523572126357,0.04239912648478339
2025-10-08,-1.772521628115125,0.041430729097510666
2025-10-09,-1.7320371781779942,0.04048444993713085
2025-10-10,-1.692477394355349,0.039559783822645134
2025-10-13,-1.5791372463637923,0.11334014799155678
2025-10-14,-1.5430697018101853,0.036067544553606945
2025-10-15,-1.507825941112682,0.035243760697503346
2025-10-16,-1.4733871490220056,0.03443879209067635
2025-10-17,-1.4397349400297665,0.033652208992239085
2025-10-20,-1.3433201981160392,0.09641474191372734
2025-10-21,-1.312638722388154,0.030681475727885266
2025-10-22,-1.2826580125343772,0.029980709853776766
2025-10-23,-1.2533620630400248,0.029295949494352325
2025-10-24,-1.224735233956872,0.028626829083152838
2025-10-27,-1.1427183791793118,0.08201685477756016
2025-10-28,-1.1166186553280892,0.02609972385122261
2025-10-29,0.7463686398451193,1.8629872951732085
2025-10-30,-0.2959097354671414,-1.0422783753122606
2025-10-31,-2.0136521524566016,-1.7177424169894602
2025-11-03,-1.878803891721114,0.1348482607354875
2025-11-04,-1.835891951528342,0.042911940192772
2025-11-05,-1.7939601214041212,0.04193183012422086
2025-11-06,-1.7529860156035468,0.04097410580057437
2025-11-07,-1.7129477596728364,0.04003825593071042
2025-11-10,-1.5982367725538191,0.11471098711901728
2025-11-11,-1.561732994219141,0.036503778334678216
2025-11-12,-1.5260629633338958,0.03567003088524512
2025-11-13,-1.4912076370800225,0.03485532625387333
2025-11-14,-1.4571484075780206,0.03405922950200191
2025-11-17,-1.3595675378356162,0.09758086974240432
2025-11-18,-1.3285149723556755,0.03105256547994073
2025-11-19,-1.2981716484514951,0.030343323904180375
2025-11-20,-1.2685213670230964,0.02965028142839876
2025-11-21,-1.2395482989584554,0.02897306806464095
2025-11-24,-1.1565394575315684,0.08300884142688703
2025-11-25,-1.1301240598145075,0.026415397717060918
2025-11-26,-1.104311990615126,0.025812069199381504
2025-11-27,-1.0790894698910358,0.025222520724090147
2025-11-28,-1.0544430323364518,0.024646437554584066
2025-12-01,-0.9838301368660218,0.07061289547042993
2025-12-02,-0.9613594254846618,0.02247071138136003
2025-12-03,-0.9394019458605569,0.02195747962410488
2025-12-04,-0.9179459757641713,0.021455970096385668
2025-12-05,-0.8969800607020606,0.02096591506211065
2025-12-08,-0.8369119893857109,0.060068071316349725
2025-12-09,-0.8177968931303834,0.01911509625532748
2025-12-10,-0.7991183862769097,0.01867850685347372
2025-12-11,-3.255443298592505,-2.4563249123155955
2025-12-12,-3.181088870892129,0.07435442770037604
2025-12-15,-2.9680608655529293,0.21302800533919974
2025-12-16,-2.9002702616946214,0.06779060385830782
2025-12-17,-2.834027997368298,0.06624226432632341
2025-12-18,-2.7692987084501755,0.06472928891812257
2025-12-19,-2.7060478385341717,0.0632508699160037
2025-12-22,-2.5248319100292496,0.18121592850492219
2025-12-23,-2.4671646695059586,0.057667240523290975
2025-12-24,-2.4108145505765295,0.056350118929429094
2025-12-25,-2.3557514701421827,0.05506308043434682
2025-12-26,-2.3019460322030634,0.053805437939119294
2025-12-29,-2.147791592782709,0.15415443942035445
2025-12-30,-2.09873596500689,0.049055627775818955
2025-12-31,-2.0508007693179495,0.047935195688940446
2026-01-01,-2.0039604150116546,0.04684035430629496
2026-01-02,-1.9581898958762671,0.04577051913538743
2026-01-05,-1.8270557765465827,0.13113411932968444
2026-01-06,-1.7853257649378658,0.04173001160871692
2026-01-07,-1.7445488681115306,0.04077689682633512
2026-01-08,-1.704703316895863,0.039845551215667685
2026-01-09,-1.6657678393277158,0.03893547756814719
2026-01-12,-1.554216350333743,0.11155148899397282
2026-01-13,-1.5187179998321088,0.03549835050163419
2026-01-14,-1.484030432776465,0.03468756705564369
2026-01-15,-1.4501351308473107,0.03389530192915435
2026-01-16,-1.4170139986841495,0.03312113216316126
2026-01-19,-1.3221208102418054,0.09489318844234407
2026-01-20,-1.2919235292021423,0.030197281039663126
2026-01-21,-1.2624159550146248,0.029507574187517482
2026-01-22,-1.2335823347529795,0.028833620261645265
2026-01-23,-1.2054072752882647,0.02817505946471477
2026-01-26,-1.1246847560824416,0.08072251920582318
2026-01-27,-1.098996920751996,0.025687835330445496
2026-01-28,1.0956315002437418,2.1946284209957376
2026-01-29,-0.18891616254482058,-1.2845476627885624
2026-01-30,-0.1846013114290166,0.004314851115803986
2026-02-02,-0.17223911384423296,0.01236219758478363
2026-02-03,-0.16830516704717358,0.0039339467970593844
2026-02-04,-0.16446107171913638,0.0038440953280372003
2026-02-05,1.991130504725266,2.1555915764444027
2026-02-06,-0.3563893937985183,-2.3475198985237844
2026-02-09,-0.33252306224782147,0.02386633155069684
2026-02-10,-0.3249282250097394,0.007594837238082075
2026-02-11,-0.31750685409391277,0.0074213709158266195
2026-02-12,-0.3102549875240652,0.007251866569847554
2026-02-13,-0.30316875381558317,0.007086233708482048
2026-02-16,-0.2828664493130395,0.020302304502543667
2026-02-17,-0.27640577068183636,0.006460678631203143
2026-02-18,-0.2700926541545067,0.006313116527329687
2026-02-19,-0.2639237294079402,0.006168924746566495
2026-02-20,-0.25789570309731014,0.006028026310630041
2026-02-23,-0.24062519936537208,0.01727050373193806
2026-02-24,-0.23512931221635114,0.005495887149020939
2026-02-25,-0.2297589513032955,0.0053703609130556496
2026-02-26,-0.22451124960301394,0.0052477017002815485
2026-02-27,-0.21938340557521396,0.005127844027799977
2026-03-02,-0.2046919551973745,0.014691450377839477
2026-03-03,-0.2000167844794103,0.004675170717964194
2026-03-04,-0.1954483948082204,0.0045683896711898875
2026-03-05,-0.19098434730132507,0.00446404750689533
2026-03-06,-0.18662225878039718,0.004362088520927898
2026-03-09,-0.17412472439722992,0.012497534383167253
2026-03-10,-0.1701477101956197,0.0039770142016102294
2026-03-11,-2.597769939055877,-2.4276222288602574
2026-03-12,-2.538436791647274,0.05933314740860318
2026-03-13,-2.480458815198378,0.057977976448895685
2026-03-16,-2.3143499087283876,0.16610890646999055
2026-03-17,-2.261490083758832,0.05285982496955555
2026-03-18,-2.20983757886014,0.051652504898692
2026-03-19,-2.1593648188037853,0.050472760056354815
2026-03-20,-2.110044858180328,0.04931996062345734
2026-03-23,-1.9687414663048504,0.14130339187547758
2026-03-24,-1.923775349069639,0.04496611723521138
2026-03-25,-1.8798362593714684,0.04393908969817062
2026-03-26,-1.8369007398689754,0.04293551950249297
2026-03-27,-1.7949458689872104,0.04195487088176497
2026-03-30,-1.674743713787771,0.12020215519943944
2026-03-31,-1.6364925145003104,0.03825119928746057
2026-04-01,-1.5991149738120032,0.03737754068830723
2026-04-02,-1.562591137332867,0.03652383647913626
2026-04-03,-1.526901506431817,0.03568963090104993
2026-04-06,-1.4246494803281362,0.10225202610368078
2026-04-07,-1.3921104412273064,0.03253903910082978
2026-04-08,-1.360314594806659,0.03179584642064737
2026-04-09,-1.329244966521919,0.031069628284740025
2026-04-10,-1.298884969527938,0.030359996993980953
2026-04-13,-1.211902528780847,0.08698244074709116
2026-04-14,-1.1842226367688764,0.02767989201197052
2026-04-15,-1.1571749543641938,0.027047682404682583
2026-04-16,-1.130745041879416,0.026429912484777773
2026-04-17,-1.1049187894300703,0.025826252449345777
2026-04-20,-1.0309256835071663,0.07399310592290398
2026-04-21,-1.007379308353916,0.02354637515325031
2026-04-22,-0.9843707331524251,0.02300857520149091
2026-04-23,-0.9618876745348197,0.022483058617605356
2026-04-24,-0.9399181296857342,0.02196954484908553
2026-04-27,-0.8769746243403614,0.06294350534537274
2026-04-28,-0.8569444962380625,0.020030128102298983
2026-04-29,3.5088579043144836,4.365802400552546
2026-04-30,-0.16927257475316493,-3.6781304790676486
2026-05-01,-0.16540638380258743,0.003866190950577497
2026-05-04,-0.15432961309861293,0.011076770703974503
2026-05-05,-0.1508047198639102,0.0035248932347027306
2026-05-06,-0.14736033530195103,0.0034443845619591684
2026-05-07,-0.1439946205921161,0.0033657147098349327
2026-05-08,-0.1407057789124928,0.003288841679623289
2026-05-11,-0.1312831338252396,0.009422645087253212
2026-05-12,-0.12828462290462106,0.0029985109206185356
2026-05-13,-0.12535459806807836,0.0029300248365426995
2026-05-14,-0.12249149509129031,0.0028631029767880456
2026-05-15,-0.11969378547687004,0.002797709614420274
2026-05-18,-0.11167825073184945,0.008015534745020592
2026-05-19,-0.10912751595992454,0.002550734771924912
2026-05-20,-0.10663504005070834,0.0024924759092161963
2026-05-21,-0.10419949236993453,0.0024355476807738086
2026-05-22,-0.10181957267506947,0.0023799196948650625
2026-05-25,-0.0950010204900189,0.006818552185050564
2026-05-26,-0.09283119418324892,0.002169826306769984
2026-05-27,-0.09071092677781656,0.0021202674054323634
2026-05-28,-0.08863908634685247,0.002071840430964089
2026-05-29,-0.08661456681673108,0.0020245195301213936
2026-06-01,-0.39745074678904335,-0.3108361799723123
2026-06-02,-0.388372959186549,0.009077787602494336
2026-06-03,-0.6517377949647143,-0.2633648357781653
2026-06-04,-0.6368520831551252,0.014885711809589086
2026-06-05,-0.6223063614731461,0.014545721681979096
2026-06-08,-0.5806323660976753,0.041673995375470785
2026-06-09,-0.5673707045279055,0.013261661569769823
2026-06-10,-0.5544119397270042,0.012958764800901301
2026-06-11,-0.5417491535232084,0.012662786203795795
2026-06-12,-0.5293755857560183,0.012373567767190119
2026-06-15,-0.4939248864244876,0.035450699331530666
2026-06-16,-0.4826436264274403,0.011281259997047322
2026-06-17,-0.47162003076482795,0.011023595662612351
2026-06-18,-0.46084821437511736,0.010771816389710587
2026-06-19,-0.45032242661176825,0.010525787763349115
2026-06-22,-1.3921229140079774,-0.9418004873962091
2026-06-23,-1.360326782708626,0.03179613129935133
2026-06-24,-1.329256876051821,0.03106990665680498
2026-06-25,-1.2988966070438015,0.03036026900801958
2026-06-26,-1.2692297675382702,0.029666839505531284
2026-06-29,-1.1842332469537993,0.08499652058447094
2026-06-30,-1.1571853222121598,0.02704792474163953
2026-07-01,-1.1307551729254068,0.026430149286752913
2026-07-02,-1.1049286890826502,0.025826483842756653
2026-07-03,-1.0796920829460952,0.025236606136554984
2026-07-06,-1.0073883340898018,0.07230374885629343
2026-07-07,-0.9843795527402183,0.023008781349583507
2026-07-08,-0.9618962926829485,0.02248326005726975
2026-07-09,-0.9399265509950887,0.021969741687859812
2026-07-10,-0.9184585989008703,0.021467952094218368
2026-07-13,-0.8569521741351845,0.061506424765685797
2026-07-14,-0.8373793594275946,0.01957281470758998
2026-07-15,-0.8182535884257576,0.01912577100183699
2026-07-16,-0.7995646506373221,0.0186889377884355
2026-07-17,-0.781302568777905,0.018262081859417023
2026-07-20,-0.7289810730422409,0.052321495735664136
2026-07-21,-0.7123311223231177,0.01664995071912323
2026-07-22,-0.6960614570039889,0.016269665319128768
2026-07-23,-1.183094053620739,-0.48703259661675014
2026-07-24,-1.1560721480907852,0.02702190552995387
2026-07-27,-1.0786534547655284,0.07741869332525675
2026-07-28,-1.0540169758101745,0.024636478955353924
2026-07-29,2.958047436911003,4.012064412721178
2026-07-30,5.681474394878971,2.723426957967968
2026-07-31,5.1345164065747575,-0.5469579883042135
2026-08-03,4.790673202921265,-0.34384320365349286
2026-08-04,4.681254075745331,-0.10941912717593372
2026-08-05,4.574334084887993,-0.10691999085733794
2026-08-06,4.469856149996847,-0.10447793489114598
2026-08-07,4.367764494436539,-0.10209165556030797
2026-08-10,4.075268372572375,-0.29249612186416396
2026-08-11,3.982189114303903,-0.09307925826847185
2026-08-12,3.8912357892324003,-0.09095332507150289
2026-08-13,3.80235984097654,-0.08887594825586032
2026-08-14,3.7155138221842803,-0.08684601879225973
2026-08-17,3.466696976608956,-0.24881684557532413
2026-08-18,3.387517508234303,-0.07917946837465317
2026-08-19,3.310146501416688,-0.07737100681761477
2026-08-20,3.23454265083706,-0.07560385057962815
2026-08-21,3.160665594591164,-0.07387705624589591
2026-08-24,2.9490052749688562,-0.2116603196223079
2026-08-25,2.8816499014009915,-0.0673553735678647
2026-08-26,2.8158329266915416,-0.06581697470944992
2026-08-27,2.751519213762016,-0.06431371292952548
2026-08-28,2.688674428065914,-0.06284478569610208
2026-08-31,2.508621944886854,-0.1800524831790602
2026-09-01,2.451324940479095,-0.057297004407758756
2026-09-02,2.3953366014606328,-0.05598833901846234
2026-09-03,2.3406270378726655,-0.0547095635879673
2026-09-04,2.287167042443997,-0.05345999542866853
2026-09-07,2.134002307755914,-0.15316473468808312
2026-09-08,2.0852616276853775,-0.048740680070536335
2026-09-09,2.0376341862861875,-0.04762744139918995
2026-09-10,1.9910945571519516,-0.04653962913423593
2026-09-11,-0.701148270686821,-2.6922428278387724
2026-09-14,-0.654194468509784,0.04695380217703693
2026-09-15,-0.6392526461988796,0.014941822310904462
2026-09-16,-0.6246520955812044,0.014600550617675179
