date,b0,b1,b2,b3
2024-01-02,2.419189257967475,3.2735412563927615,0.3622700107842917,5.391142160220819
2024-01-03,2.2741167892317597,3.417948618526811,0.5590460238832822,5.715805940627588
2024-01-04,2.3734938661401777,3.3185887540068904,0.5532693037873413,5.678852135763319
2024-01-05,2.453333391232375,3.2195297557061107,0.4877085607487002,5.683481030876172
2024-01-08,2.3465711710416155,3.345367328513244,0.47478105423590655,5.9021052602143405
2024-01-09,2.343774909026222,3.3373028118846415,0.47482159691061504,5.938894973785251
2024-01-10,2.3815836414463387,3.292087594384853,0.44728800697773957,5.887374199961194
2024-01-11,2.283003794328938,3.4237392446215136,0.21136316688020026,6.151842448645143
2024-01-12,2.377241925152556,3.3632159626311773,-0.36796691153870986,5.959767753708975
2024-01-16,2.515572710886299,3.203272358347222,-0.29097729558588253,5.858036488639235
2024-01-17,2.5528834716533977,3.1408493906620323,0.08400174018637871,5.680764262203637
2024-01-18,2.5214003349666196,3.158060890757853,0.11565110996906591,5.986437318747505
2024-01-19,2.5981670298282857,3.074022481282135,0.20792947341104934,5.68429738241574
2024-01-22,2.4027674474554437,3.2695230896082386,0.3926404091876015,6.179981873438034
2024-01-23,2.603602770635587,3.0819066570065554,0.017896569812704502,5.741330013530255
2024-01-24,2.5218462415764713,3.144486970775757,0.21186733241506076,6.112356651912417
2024-01-25,2.5171826787212277,3.17600965264174,-0.055536595978873816,6.056546781904913
2024-01-26,2.57816769277701,3.101514448875588,0.026264322877537053,5.843092318372921
2024-01-29,2.3889755567156343,3.2811505338982765,0.17873592730496865,6.202367734803501
2024-01-30,2.382244795624183,3.2649937918610314,0.42373211652984244,6.092053830652751
2024-01-31,2.28521830680147,3.384832051459179,0.2493169431511853,6.23039735318639
2024-02-01,2.0680952216334054,3.58256158997409,0.3873100865733735,6.496292230650223
2024-02-02,2.3938449226546954,3.237209820904915,0.5275240471893329,5.83111694627185
2024-02-05,2.6438380195166844,2.9677628631396122,0.5189709093025248,5.462432117244046
2024-02-06,2.413137818137141,3.2175880063772855,0.5189590803247681,6.001388163481279
2024-02-07,2.415856016984218,3.1975351180246268,0.5988533340887608,6.038349291324097
2024-02-08,2.6101617441371596,3.0149940216975217,0.43486818647581793,5.608269734266593
2024-02-09,2.6092274584651847,3.0120083454377884,0.534478791005829,5.635327916109861
2024-02-12,2.5483815626285327,3.0716413679752885,0.596731400601887,5.829106083727945
2024-02-13,2.836742944783581,2.749150169427678,0.838327314253487,5.196387256058025
2024-02-14,2.713246776497611,2.8807706337298935,0.7537638637879568,5.55811090882048
2024-02-15,2.6820637137520853,2.916476570188212,0.7605383631575046,5.55395810059924
2024-02-16,2.7776735938362664,2.800601632041025,0.8974228804797653,5.34766216673356
2024-02-20,2.6774635506170523,2.9212924387963177,0.8661947385703587,5.629348049483205
2024-02-21,2.829693261042377,2.7674345120139936,0.7811781757851212,5.279050905521294
2024-02-22,2.881470204682145,2.6956637016690386,0.937972451533421,5.036403033230369
2024-02-23,2.801809254883283,2.781002942988449,0.9973041072984123,4.995869224245219
2024-02-26,2.7995952658129735,2.7911666711671623,1.0603183764975905,5.079565159600585
2024-02-27,2.8376364534510237,2.74074742629587,1.0374506481551256,5.091792562666433
2024-02-28,2.743211625715048,2.8457452201737796,0.9739046710329793,5.2780877221421925
2024-02-29,2.8148126028643814,2.7931737759996875,0.8582846270384866,4.984766735762117
2024-03-01,2.732926119013766,2.892810755408756,0.6185137981928321,5.1220410750180685
2024-03-04,2.585980928966307,3.0400175157256166,1.0455584212738889,5.627321883685242
2024-03-05,2.4957563628271635,3.131010909134526,1.0021058091756678,5.620045729934923
2024-03-06,2.4278018013683242,3.1919559639568917,1.1388905261747433,5.719498059044039
2024-03-07,2.3162488727774244,3.3192251794679017,1.1005685617289889,6.089346810544071
2024-03-08,2.2629287604138573,3.374946476565353,1.0856981292458794,6.302943826559336
2024-03-11,2.232957216696226,3.4003807690624233,1.2226537155622583,6.385672711262375
2024-03-12,2.3351787219018867,3.2971326483188688,1.2859276680137046,6.227125700237065
2024-03-13,2.4264758611205433,3.1996952270643853,1.2556851553605537,6.04677508341909
2024-03-14,2.6576159966136963,2.958419028822056,1.1585697511196686,5.613912993876268
2024-03-15,2.8099902783657766,2.796904481327024,1.1108213720440545,5.120083655138397
2024-03-18,2.8593423556822297,2.749673880928288,1.0728105391045089,5.053506365732674
2024-03-19,2.699503689388007,2.9182590083577304,1.1471409632153071,5.482006229179119
2024-03-20,2.628113809455941,2.991115709366591,0.9844430339722435,5.740352994951023
2024-03-21,2.651255411310997,2.971733140777857,1.000648826277281,5.640545828945226
2024-03-22,2.5507171646234372,3.0678636583813046,1.017075823868454,5.7837761648107735
2024-03-25,2.6428061178134055,2.9895919162095237,0.8646012675064455,5.625144457099615
2024-03-26,2.570677381227984,3.0493616731282405,1.0026765137070646,5.777206747295379
2024-03-27,2.4498666340404553,3.1652853896076927,1.121733892077611,6.016698478755255
2024-03-28,2.437278381899616,3.1622750119607677,1.3387518348401686,5.99021310048474
2024-04-01,2.689145144247214,2.8739028598450265,1.3134028263029172,5.611150638297267
2024-04-02,2.813627517256352,2.7484937341313853,1.0929187481818818,5.360784210647614
2024-04-03,2.7974124742641466,2.758504588076592,1.0477493174046821,5.427668161989737
2024-04-04,2.729198263733645,2.8238666419366805,1.0634944508360076,5.502127017414846
2024-04-05,2.8091980162927523,2.7361799515908296,1.1807023919509292,5.480632627205192
2024-04-08,2.99334471985128,2.5498792483872212,1.113008730587687,4.903363754561355
2024-04-09,2.906320608275383,2.6489319426574154,1.0492451102615816,5.026406886539347
2024-04-10,3.25062304927108,2.270059082257527,1.3592335617391988,4.365250405114264
2024-04-11,3.3598273156213163,2.163657489135997,1.1386353039688133,4.07639073081505
2024-04-12,3.188202544369086,2.3419986241095327,1.1657356787562227,4.492711284254262
2024-04-15,3.4531924262990263,2.084313087610571,0.9391908326139942,4.092925238621936
2024-04-16,3.5323254410354896,1.9971505803253191,0.9667464734376552,3.933774064742829
2024-04-17,3.3287167078468536,2.2028052311278787,1.1087150526440581,4.349791529626669
2024-04-18,3.500802171383752,2.027676536147732,1.0416095724520846,3.916473799651913
2024-04-19,3.459092137474127,2.067378327499978,1.063212364532842,3.9822384070395573
2024-04-22,3.4532307935378057,2.060329615723068,1.0771295327201755,4.015587102552378
2024-04-23,3.443143002369098,2.1114651783768443,0.8055067649261533,4.108022092860938
2024-04-24,3.3798220108539567,2.172908027136796,0.9415896431503931,4.456654102691465
2024-04-25,3.409525475592116,2.1223345491754926,1.1262831311260544,4.484873290114281
2024-04-26,3.3744587914477577,2.148565273934048,1.1942997282533032,4.4528746785272
2024-04-29,3.1911742019949174,2.3288179962030515,1.4150290164790433,4.915940065434558
2024-04-30,3.3283069473850353,2.1816787429899605,1.4647950067354074,4.600949609616227
2024-05-01,3.173938910385549,2.3466061128747966,1.4318429384702172,4.94475847023803
2024-05-02,3.09205211819378,2.475836776380174,1.190790581664221,5.153280048808555
2024-05-03,2.896740581453646,2.6772617096577758,1.2440469810249335,5.560710868795539
2024-05-06,2.9034054941335077,2.6685266757845287,1.2823704970899166,5.463941090919027
2024-05-07,2.9213610734101865,2.6530057086452348,1.2494375080374958,5.312589877950641
2024-05-08,2.9243422020094467,2.6429757930496565,1.294423874093257,5.3870350282004855
2024-05-09,2.905077707759826,2.675878097498877,1.2273690583030135,5.342604605884449
2024-05-10,2.9042373167678455,2.666065836249644,1.423908788371037,5.458424884761352
2024-05-13,2.855078238664209,2.7000012784748693,1.4919417310942853,5.554820174131898
2024-05-14,2.7525718033758606,2.805362761922834,1.5391925895804597,5.7712258562032535
2024-05-15,2.5405894692284328,3.029211108112091,1.5245044642907501,6.21173261317008
2024-05-16,2.7035939665050908,2.8667107262489826,1.4969304098934433,5.690183708138464
2024-05-17,2.7420318168602353,2.8178931396055362,1.542246531130356,5.696873049262521
2024-05-20,2.756201276620106,2.803773589631448,1.5420871309299844,5.72001189306833
2024-05-21,2.713179608478713,2.8431563048213375,1.5901167222309356,5.748676508898395
2024-05-22,2.8256578580154743,2.7188826328221065,1.5997319752673453,5.351780913567723
2024-05-23,2.9508023795873015,2.598812500723384,1.596124570327228,5.056258550164244
2024-05-24,3.0201341276743614,2.557858885355378,1.4958236758041814,4.78169770157868
2024-05-28,3.013533650643716,2.5236121490760057,1.5739211313270363,5.116510459983838
2024-05-29,3.177400142039674,2.360815302433955,1.4051667209406764,4.876839538421185
2024-05-30,3.041895349484667,2.4889284070238085,1.4815067463265372,5.121604722417217
2024-05-31,2.8796431622825747,2.6556115887281844,1.58805497402129,5.520391627965024
2024-06-03,2.7396509960328226,2.833849952369518,1.5320317607322733,5.6352006845839115
2024-06-04,2.5651382964186036,3.0088223804004177,1.6179387837812031,5.95118266204157
2024-06-05,2.5521865762105125,3.03008759152636,1.4947422592233597,5.876381712759692
2024-06-06,2.500945827895915,3.078284103567013,1.5480847681583358,6.0039839720490775
2024-06-07,2.796405905883467,2.75510015464675,1.6440002553173392,5.456216579591298
2024-06-10,2.832366033763621,2.728059374639091,1.5187697809224432,5.504038753169351
2024-06-11,2.5855216810325126,2.970372263485127,1.741870719889992,6.069594400298991
2024-06-12,2.3557272108809824,3.2122281165837823,1.8098794557150777,6.602589397446395
2024-06-13,2.2738464122168325,3.306109396337666,1.7013029869767722,6.659880721049203
2024-06-14,2.2580785211104497,3.3211564491649193,1.736567089600563,6.533247322903911
2024-06-17,2.3718607768121878,3.185253387094631,1.859293614634661,6.355640506289967
2024-06-18,2.1558218169505996,3.367947698466787,2.041643905241312,6.890028544704985
2024-06-20,2.2540355400354803,3.2830191650932328,1.9193038064699126,6.67268877541281
2024-06-21,2.26218265663774,3.2686757837938014,1.9142646502313778,6.646851991285509
2024-06-24,2.3042490920208336,3.2309055611361686,1.8947694385227263,6.47733696609735
2024-06-25,2.326939748753779,3.222258694127049,1.7677049745718947,6.352677001096245
2024-06-26,2.4904210522787253,3.0556087100891425,1.6949894606620435,6.135553295774799
2024-06-27,2.4383149228063647,3.130520054167515,1.6235704508310844,6.237150800024775
2024-06-28,2.5551765820727215,3.002673019453474,1.4705144631153004,6.154791846798295
2024-07-01,2.744342195715477,2.8191634271797987,1.3127157397966385,6.036745204519725
2024-07-02,2.66472885215224,2.903216904677159,1.3107654782679692,6.14002254328074
2024-07-03,2.556132521576046,3.0246347864194325,1.3301581443799317,6.249313761813168
2024-07-05,2.3566229145050728,3.2331829607342324,1.2831562373519252,6.68911400202458
2024-07-08,2.3633289737455097,3.2183759900483913,1.335705544182552,6.640877735703292
2024-07-09,2.252373958529528,3.3139840579706776,1.496832569687035,7.082050592272778
2024-07-10,2.297348009149068,3.271944944847771,1.4424486626521797,6.879894713703673
2024-07-11,2.322396982188464,3.2740005003887305,0.9696770645665602,6.640686507366573
2024-07-12,2.3509289479023363,3.247409719577635,0.7881838246464199,6.525010228698517
2024-07-15,2.438845355466336,3.1739168013637364,0.5857157025909877,6.486589266090277
2024-07-16,2.3924088836052957,3.218805200135948,0.6658010225653652,6.353796683534656
2024-07-17,2.3158820237274758,3.2904488760306867,0.7428240153389756,6.548567977582517
2024-07-18,2.4169101517464306,3.187044913785784,0.7049130301261104,6.371142534113226
2024-07-19,2.5325579442669706,3.068879906277324,0.641889841650719,6.141083353317507
2024-07-22,2.5289890646187225,3.076213693201723,0.6515787655529823,6.231176661800582
2024-07-23,2.6300890689698804,2.989817474390827,0.309897756031154,5.9351454025354276
2024-07-24,2.5905058611706204,3.0368521114697766,0.17847241319381993,6.290736809573592
2024-07-25,2.5791609924249457,3.024186136478943,0.3448501297003013,6.186142008254511
2024-07-26,2.410151064136277,3.195499118879076,0.40215968145409875,6.536321974358438
2024-07-29,2.389506106120836,3.2336824485749007,0.4052767939847965,6.508371415196555
2024-07-30,2.345748523024444,3.2724039011032144,0.4115341400432024,6.599280927910675
2024-07-31,2.3052947372974835,3.3234596549121798,0.28008938594556665,6.560308264037699
2024-08-01,2.328517953519208,3.351667230066931,-0.2687344754020322,6.265254987311496
2024-08-02,2.542587661673246,3.1518470528772142,-1.4818718973167446,5.181309337756992
2024-08-05,2.5113693662720413,3.195579672223755,-1.373686035707055,5.132440002447794
2024-08-06,2.402619699453786,3.2810545423960464,-0.9186250876040416,5.858987665624443
2024-08-07,2.590828526683941,3.093381856089223,-1.1440592462343042,5.52397677458633
2024-08-08,2.7174931111368483,2.992542637282361,-1.2280447466721796,5.197605478253364
2024-08-09,2.5449043778445652,3.1439199265502333,-0.9103770994510804,5.5415819955700165
2024-08-12,2.42734708148843,3.2625536954308783,-0.8717237150357304,5.802091606369877
2024-08-13,2.3563484128263235,3.3101994897358673,-0.9822908629895617,5.920122867608029
2024-08-14,2.2958457948576414,3.374873133612933,-0.8366812090238975,5.978270832203136
2024-08-15,2.5056491000922696,3.169571957401583,-0.694604391142174,5.470549371049562
2024-08-16,2.537674646871798,3.137439561523665,-0.8117518199573084,5.292979716742786
2024-08-19,2.480832066806735,3.1660111609216495,-0.6963446291145019,5.343325481860477
2024-08-20,2.4521936302719083,3.1810456188457135,-0.8218499498518319,5.325981157539911
2024-08-21,2.4587882003592405,3.156165476960395,-1.0319878372623106,5.2572729641482985
2024-08-22,2.607479010331969,3.044774713264548,-1.0690652787470052,4.989912604805731
2024-08-23,2.566308033778131,3.092918617387718,-1.3183954859293403,5.058156670840515
2024-08-26,2.522741092883283,3.112451667203471,-1.1860018816773261,5.220584944405794
2024-08-27,2.6988788396934034,2.95497960829226,-1.6136514228666468,4.774519580381816
2024-08-28,2.586380989615414,3.038473463529842,-1.427609096405198,5.14840135637136
2024-08-29,2.4811922048510207,3.0922326945341876,-1.0776458605385941,5.5231706912710115
2024-08-30,2.5960541386556777,2.9743923892291058,-1.1591046075981495,5.3070462035697945
2024-09-03,2.515343578034296,3.0159289084060705,-1.1182752521949535,5.325598523797313
2024-09-04,2.5672143280398596,2.955250171860626,-1.5166000351713995,4.981787624032033
2024-09-05,2.5234841869150797,2.966546173763136,-1.4312698675785918,4.992225873834817
2024-09-06,2.665948629463361,2.831431304922814,-1.9350814520641217,4.602984253104478
2024-09-09,2.5277706537389095,2.9284895287995734,-1.6310674718620206,4.93074828953114
2024-09-10,2.373415353006029,3.039612703872665,-1.6287173896407454,5.3366874533890964
2024-09-11,2.3323720037466456,3.117778875086135,-1.4827081321716602,5.411677529294267
2024-09-12,2.402953212055077,3.002212734918164,-1.5176299256316992,5.322970167345176
2024-09-13,2.514110536074865,2.842960498809076,-1.8291049630792025,4.942588789379679
2024-09-16,2.5890934569804074,2.7321046985531905,-1.8976921296318565,4.57007393856969
2024-09-17,2.5082362209073596,2.7582872088563546,-1.593026807381057,4.852149922436995
2024-09-18,2.45010671525991,2.6652080991825065,-1.2701758591976708,5.238366316109052
2024-09-19,2.55801717481228,2.532535703504773,-1.4563299707247146,5.024587294020116
2024-09-20,2.5680836547966965,2.491952443688356,-1.5010079428898626,5.005382721218734
2024-09-23,2.677389572162583,2.3515183082332913,-1.5721665631705195,4.7279743923206885
2024-09-24,2.5694791260607865,2.410712645638392,-1.5290933341631556,5.105836128621835
2024-09-25,2.695886344963365,2.283347755864491,-1.6022789537593585,4.869607709107116
2024-09-26,2.749300931604766,2.275522568847639,-1.547344007307276,4.615814040509692
2024-09-27,2.7057527186408166,2.3276278771319214,-1.6946762536993993,4.7030128128830935
2024-09-30,2.796008454600543,2.253895316052478,-1.5301295883265307,4.515677426089339
2024-10-01,2.6618131417027886,2.402973815643296,-1.5302349746046358,4.758126482992986
2024-10-02,2.6765587135321036,2.3522027697523415,-1.4523696842021132,4.897538872611486
2024-10-03,2.878628566143039,2.1753474599410465,-1.561752181640029,4.395689862802812
2024-10-04,3.0713378305144206,1.9659629082382173,-1.0615334698905907,3.9797803560329106
2024-10-07,3.0921766686584,1.9396321538712642,-0.9279934704663675,4.0313451003156375
2024-10-08,3.1188475996362404,1.8875369767504688,-0.992622317388147,4.015919302354648
2024-10-09,3.1316282576652243,1.854254124526044,-0.8810285822038376,4.043402505226064
2024-10-10,3.2564495438682024,1.7699489320300943,-1.1971832877706976,3.7975812850505566
2024-10-11,3.2010577426816575,1.817857013752769,-1.2414926714344177,4.00295016269274
2024-10-15,3.169402816391003,1.81340254835565,-1.0769761035691992,3.8437556591835427
2024-10-16,3.1308441219507976,1.8402284682479886,-1.0514419252476095,3.92388677182949
2024-10-17,3.186038127873531,1.8055214288119712,-1.0684303878974446,4.033291786415333
2024-10-18,3.1069940532027003,1.8773583542224554,-1.0213980981312536,4.271804578805429
2024-10-21,3.2501538725013996,1.7229862669856248,-0.9981839103586981,4.163887630951965
2024-10-22,3.3248300306992737,1.6226766059154683,-0.989410045139409,3.9381013065701036
2024-10-23,3.4085670981051828,1.5282827639523489,-0.9400371669486409,3.7456972525660763
2024-10-24,3.411440982909158,1.506487780509314,-0.9131020184142008,3.5973022390118428
2024-10-25,3.3964219858829465,1.5416855171636847,-0.8214073606592205,3.7685497522415967
2024-10-28,3.6165149424502627,1.2942512187956408,-1.0307618982276785,3.161157373373857
2024-10-29,3.6023002916608733,1.3081084368294265,-1.0252698696014608,3.193263831510089
2024-10-30,3.7902870948064336,1.089397983500061,-1.0813967466823229,2.517025963391166
2024-10-31,3.7217405738254414,1.072894694917393,-0.8167712122572847,2.656250437061392
2024-11-01,3.856439902604374,0.9100919937001354,-0.866393246484491,2.5679456603640665
2024-11-04,3.865971262060781,0.9279702856388075,-1.049118105948233,2.3102306963042207
2024-11-05,3.7816148860954546,0.9764139156829682,-0.7761847895909791,2.3552702058883774
2024-11-06,3.9126089342860055,0.8119090355064627,-0.726645814307775,2.487991692887191
2024-11-07,3.607165387690442,1.1207747258042535,-0.5058004562624094,3.15015090396708
2024-11-08,3.6813490731312335,1.039310061337581,-0.379647128611816,2.733278458242208
2024-11-12,3.9085845211437564,0.8021361867214738,-0.4137182727715446,2.3969540883045766
2024-11-13,3.999071806435575,0.70891919770239,-0.7775329770510945,2.2879570242288807
2024-11-14,3.991962475224208,0.7083003427792528,-0.5162830631931237,2.119865161370332
2024-11-15,3.8961649894470933,0.8095134193270861,-0.5110319168448505,2.485759405038102
2024-11-18,3.8373912296564336,0.8861953039556603,-0.5332589372541828,2.6951040887713598
2024-11-19,3.72281790127795,0.9760949881290872,-0.3435523463920149,2.9144614937327877
2024-11-20,3.7591652626131142,0.9369852683252246,-0.28802178396588385,2.822582266039067
2024-11-21,3.814707178670717,0.9037855778365343,-0.3171238685358965,2.703722145885969
2024-11-22,3.685422924436964,1.0191206699378828,-0.03601585192012599,3.043235414151842
2024-11-25,3.5690858842388087,1.1773262427118223,-0.24623189438738474,2.956306131858157
2024-11-26,3.5999724693174167,1.1439781917061052,-0.31097971217356474,2.9759460413754866
2024-11-27,3.4491737734568093,1.299995665759202,-0.23747652834528685,3.3138177175403225
2024-11-29,3.4014588816948166,1.3530502765508534,-0.33268542635762194,3.228622681725109
2024-12-02,3.45852135278012,1.255476870622344,-0.2618045048544943,3.0528464544436154
2024-12-03,3.52034855593412,1.1262426562644183,-0.2409481857824286,2.9989403699437567
2024-12-04,3.5462483528232602,1.0942816355427223,-0.3700688066532658,2.7657819202190903
2024-12-05,3.436779049908422,1.1512759633627394,-0.07614071415017026,3.016542476336996
2024-12-06,3.3630958006319283,1.2017298982440192,-0.1271188468358554,3.2679550697269426
2024-12-09,3.414361936908626,1.1375522924135528,-0.10775933985477945,3.270598943668928
2024-12-10,3.344187387443582,1.1827065740095237,0.06079150851570528,3.555858553831637
2024-12-11,3.4054318770268788,1.082100407975103,0.011884768858027308,3.5860121632830126
2024-12-12,3.3821004231414027,1.0428911763295239,0.21415901441912305,3.8805671535656083
2024-12-13,3.5477588945634584,0.8623101870218807,0.18467658194865777,3.5707446260623734
2024-12-16,3.574118408940296,0.8430989782362329,0.14996551508175684,3.4481403346332185
2024-12-17,3.6845547353837818,0.7596331870249216,-0.021929461108138412,3.095988944054487
2024-12-18,4.079324291496715,0.32441862283437156,-0.13029932326304952,2.029519096070452
2024-12-19,4.1913051860948425,0.2101858180939206,-0.37832054241637886,2.0009509775390923
2024-12-20,3.9419157168986945,0.4576866592697077,-0.1410022625490218,2.687840623718788
2024-12-23,4.254111274727264,0.1734162193919124,-0.5613178814780684,1.9332585342125115
2024-12-24,4.34479381234006,0.10596628023238759,-0.7326181235611174,1.612548458667759
2024-12-26,4.239997130153384,0.1924575822974565,-0.5847737623322758,1.9149455283076358
2024-12-27,4.328670386731849,0.08048021960490774,-0.7090939574040778,1.8456544579021792
2024-12-30,4.1775123157658705,0.257517149905144,-0.7510212961721662,2.169130500395444
2024-12-31,4.209845941851816,0.20902979499252572,-0.784643531157918,2.1372459823312493
2025-01-02,4.207249257956731,0.23641705054473555,-0.8114653742333615,2.1493078414845224
2025-01-03,4.28178017080475,0.14187114897624237,-0.8009580383465703,1.9932116514072125
2025-01-06,4.271933326416518,0.152193132816591,-0.841749138955774,2.1369127955173464
2025-01-07,4.303266097802876,0.1106876140920753,-0.8210520257189973,2.2390772257907527
2025-01-08,4.242293119435493,0.17200110031457613,-0.7863552266510175,2.4405982738251946
2025-01-09,4.4122364290821565,0.028676526260848184,-1.1008349626030471,1.9568196817671606
2025-01-10,4.68075265140731,-0.2761571543011966,-0.9430307730789694,1.231054698115605
2025-01-13,4.757908785157142,-0.3427892856190465,-1.02252315588671,1.023985776827867
2025-01-14,4.710362655745993,-0.2927217560783367,-1.0743853231639822,1.219006960955512
2025-01-15,4.282189273705021,0.12552602582357208,-0.7773868922913588,2.2227514030638753
2025-01-16,4.1581752708154855,0.2714765146248638,-0.7693592499419537,2.487138253258522
2025-01-17,4.164754596166683,0.2547040540733649,-0.6201887242361844,2.4366308004609625
2025-01-21,4.073979825199648,0.3378005159778015,-0.4415001807006231,2.5637990067383574
2025-01-22,4.205224258249091,0.21199619483376708,-0.6174542259027519,2.231417646569013
2025-01-23,4.412150440355268,0.03274759623897395,-0.9716130628700415,1.7464178029813906
2025-01-24,4.385774345890581,0.05509677759734122,-0.9905794778186582,1.782675972094805
2025-01-27,4.155722730991716,0.28458277598350246,-0.9194365968203313,2.220966894067779
2025-01-28,4.085053431455008,0.3457357620928531,-0.7840730411829698,2.5037912038768666
2025-01-29,4.018305359529947,0.39796872594934374,-0.5953884108089074,2.7245415341748864
2025-01-30,3.8639873065591304,0.5137382918272559,-0.383092148674153,3.094327493449939
2025-01-31,3.931310412382961,0.4476761193081289,-0.4144527497292656,3.118291925820756
2025-02-03,3.8921214881759774,0.484986001539106,-0.22687984351620244,3.011149152928676
2025-02-04,3.8187031733401557,0.556255368048103,-0.2473341855576798,3.2078827291197247
2025-02-05,3.69501318074209,0.6789916685942798,-0.13840738123189547,3.2094785255104985
2025-02-06,3.816398090245728,0.5678509660159092,-0.19130524594180562,2.847868419323191
2025-02-07,3.8110744433108565,0.555079369105518,0.07680289521717613,2.972804373158536
2025-02-10,3.8279212741834177,0.5523512708046068,-0.013026192166533418,2.987640302556419
2025-02-11,3.8487646860156524,0.5353204749769156,-0.06318661718117982,3.0676637035825833
2025-02-12,4.043163257803189,0.3295948932526188,-0.07902534308642081,2.7338046399431053
2025-02-13,3.8619577466970822,0.5056212087960498,0.0634674821165871,2.9303942360244744
2025-02-14,3.766978435855716,0.6105265611774618,0.015542390973768302,3.1243543360533836
2025-02-18,3.9395059065859437,0.4439859027431639,-0.12658232175026515,2.852125215676715
2025-02-19,3.9172678638037306,0.4719417804602632,-0.16300261220671788,2.8487184145117794
2025-02-20,3.8079007737276878,0.5678736720802713,-0.052531214129363756,3.120252851604666
2025-02-21,3.7385215055040364,0.6431577652428725,-0.19250851455905682,3.1111469271518852
2025-02-24,3.6354569774168235,0.7507812506449365,-0.17255232922854422,3.4276891403299072
2025-02-25,3.3637647977239014,1.0097811651566542,0.033564857093609124,3.93550988453868
2025-02-26,3.1692146261192002,1.2142054790601735,0.19936350568326877,4.409106430888886
2025-02-27,3.2406585801421057,1.1657172249026584,0.0793435282322822,4.3438287647808425
2025-02-28,3.2533481038765366,1.1696462612287903,-0.16705893330407992,4.1836223245463104
2025-03-03,2.974452210290844,1.4737310321450652,0.07716640092052932,4.846356420283731
2025-03-04,3.1385643313595013,1.3152506347842572,-0.2107632526529831,4.605824913140114
2025-03-05,3.347018826531307,1.1040261104731262,-0.33265799608152197,4.0976749330357505
2025-03-06,3.4013845107107357,1.0536172718185242,-0.5468859418315591,4.006813366962921
2025-03-07,3.3714595641515532,1.0777902546439355,-0.41410373008175905,4.205398093538601
2025-03-10,3.1900964570644237,1.262898127294408,-0.4775753133498948,4.529617599517529
2025-03-11,3.2171121477169065,1.2348562136771042,-0.4065294102415986,4.616032330978322
2025-03-12,3.220489288989365,1.210439911785755,-0.19505968127042267,4.706500382863864
2025-03-13,3.143764556341599,1.3055522125699324,-0.3016590730562903,4.835362243023533
2025-03-14,3.200161096466935,1.2257057300279113,-0.09231269763081275,4.705177935049365
2025-03-17,3.245135278301866,1.1733527144252045,-0.016262432887938674,4.493462174942566
2025-03-18,3.0966035822169022,1.3210980204458005,0.14682561441997785,4.87851989175129
2025-03-19,3.0200544195296777,1.407678198729191,0.08114542227736343,5.051992107649657
2025-03-20,3.0719284915804215,1.3585168815194677,-0.10070066239998893,4.87506752582485
2025-03-21,3.0081238506300645,1.423368684738415,-0.10558234743684114,5.199398528884269
2025-03-24,3.1056165762573067,1.2966624136489453,0.08198785179730786,5.117841773726216
2025-03-25,3.1274626456211005,1.297904740427473,-0.13425730179623266,5.0342301134574905
2025-03-26,3.12073931113072,1.2989182769178762,-0.08507914198897983,5.190748408357377
2025-03-27,3.0951058455876126,1.3374139038045942,-0.12663269558268217,5.4204494307755
2025-03-28,2.884170932089531,1.5677358155227132,-0.11665991798725002,5.774663562305046
2025-03-31,2.895329618038969,1.5465766871706546,-0.12919236948940618,5.597930237602524
2025-04-01,2.791510062995442,1.6523324680671911,-0.05249142737586625,5.70242769037552
2025-04-02,2.8639869843723487,1.5720817709924992,-0.007194587470338626,5.528725705331202
2025-04-03,2.297179671102695,2.1576088689685244,0.04819953231772033,7.1644239013298865
2025-04-04,2.511363037707903,1.9322594688920958,-0.2893403475419369,6.252079247962323
2025-04-07,2.7021568045173643,1.7455559705533557,-0.5155430785107378,6.242579492274922
2025-04-08,2.8413760203911784,1.6347477481299397,-0.8904213481870795,6.327338231046946
2025-04-09,3.0616149247047098,1.3883563863580388,-0.37309834086563787,5.585647514082272
2025-04-10,2.948743596297712,1.5101335765182151,-0.6033319703152897,6.430531641903899
2025-04-11,3.3514042209840196,1.0969400457932064,-0.678337858515931,5.1389000403225715
2025-04-14,2.9331524040731862,1.5115982803122694,-0.45266677028428237,6.27062484005089
2025-04-15,2.7152807912242847,1.7283397146705657,-0.21293754891365307,6.891470925872732
2025-04-16,2.5672602325425453,1.890833597737275,-0.23767058513968545,7.210692070790476
2025-04-17,2.5916530101124646,1.8700319759977342,-0.17206252365101005,7.307892502266325
2025-04-21,2.6667459405365976,1.8165986462225638,-0.5500387839575847,7.523568349985503
2025-04-22,2.706739603847543,1.7496736022802297,-0.4240875846699318,7.257488894211363
2025-04-23,2.7990757685675076,1.643376896868019,-0.32371778032588877,6.787512435221398
2025-04-24,2.5600574910265372,1.889632369791492,-0.18525720408381843,7.321731759404432
2025-04-25,2.493718846219461,1.963226572525437,-0.19550912356310535,7.4226946275832555
2025-04-28,2.3808715491950037,2.102363982755457,-0.29268777952669806,7.65451285456594
2025-04-29,2.359115741225524,2.119265845679397,-0.31683007939129476,7.556578285761602
2025-04-30,2.1892138362474056,2.3017656702616573,-0.3386900654547954,8.18149293368293
2025-05-01,2.301082334404662,2.186932205052752,-0.19878259923093966,8.044478490538308
2025-05-02,2.4199276331996002,2.047372996143504,0.06953124471522111,7.802225915040273
2025-05-05,2.432467083789444,2.0451145011675766,0.006279222411961609,7.9008010471851335
2025-05-06,2.3159476412613964,2.1620677716501047,-0.0058178289549498125,8.201103354381472
2025-05-07,2.143647494008984,2.3341851874441226,0.2477841942287069,8.589367530902253
2025-05-08,2.4893968136213296,1.9661170644532082,0.1789998149785641,7.711469745576844
2025-05-09,2.515720159966596,1.944522531271747,0.1152628951548188,7.634982990985028
2025-05-12,2.7130678063996347,1.763758025027861,0.1310703082695234,7.185028762314582
2025-05-13,2.7313349170569667,1.7389122834361037,0.16097853459697836,7.287348622616134
2025-05-14,2.853909792061066,1.6115109927090108,0.13346895381730167,6.9941228184571065
2025-05-15,2.5733611317062217,1.8820799606846956,0.263518724062878,7.6783182375491705
2025-05-16,2.4355039050303726,2.0062208126473866,0.5238666708303226,8.039308410282425
2025-05-19,2.4751039107199104,1.9856602906396386,0.41020507854807,8.033983801078678
2025-05-20,2.3766530862908297,2.071746573977642,0.5201390006868123,8.477937003157681
2025-05-21,2.5716505995533954,1.8660466285659685,0.3426857182422377,8.23291499700792
2025-05-22,2.3996864252315286,2.0489297178941155,0.5317155093491394,8.655580266035031
2025-05-23,2.167384655215955,2.266167236234617,0.8408183594100928,9.321236294023873
2025-05-27,2.1576587027299277,2.2780540439846972,0.7808906620350325,9.049814834083756
2025-05-28,2.1560597186909227,2.2741294532247127,0.8592434983362032,9.173912179837105
2025-05-29,2.041039416999995,2.3938938641216883,0.8987588125279491,9.37768822173697
2025-05-30,1.926706909854757,2.5097081661150553,0.9333142262342525,9.732927344690763
2025-06-02,2.000448560965307,2.4501585759290863,0.8665913296199862,9.725582949289178
2025-06-03,2.0966458559812935,2.345819840171301,0.8231386182988877,9.393807076502828
2025-06-04,1.9902996431319528,2.4690737446832802,0.7002534198591293,9.44042683532689
2025-06-05,2.1270595875484246,2.2819972812961207,0.8048414074163937,8.971995173776103
2025-06-06,2.4543967505975655,1.9438031898805614,0.7249099336502003,8.216961087771898
2025-06-09,2.348791786387221,2.0673147480306087,0.7476907755059143,8.50982987684887
2025-06-10,2.3428166624318965,2.0825441031947705,0.7055629941570238,8.46865132681106
2025-06-11,2.21038194544845,2.2342979003416925,0.6432842869781693,8.812460044137392
2025-06-12,1.9987953090612975,2.373613257944598,0.9878238926670204,9.239956093382984
2025-06-13,2.052712960074813,2.3341593921647052,0.9999438443354993,9.271058434044297
2025-06-16,2.0590276612789666,2.3271244606198307,1.011909154397655,9.425469436731388
2025-06-17,1.9600481835270933,2.4145724886718094,1.134134506377892,9.458014994542538
2025-06-18,1.8460829808184347,2.5113115475037397,1.3106641223217899,9.809321015850355
2025-06-20,1.8752799775237974,2.4750655612339205,1.1418263060666123,9.774518629061536
2025-06-23,1.830672753368397,2.5317589014825246,0.9704347052665504,9.854817702808274
2025-06-24,1.8206027391742936,2.5676987541777487,0.7798791277337652,9.782827797087881
2025-06-25,1.7233682543334092,2.6624338655962547,0.8644007035207872,10.089373899387953
2025-06-26,1.4468909204272995,2.886158332989646,1.1911152791547714,10.896208055070012
2025-06-27,1.6203338876781088,2.7588143438015313,0.9399970506850651,10.48043591661514
2025-06-30,1.665801360631535,2.790182058303622,0.7181167759856654,10.129928705985552
2025-07-01,1.9239155933895025,2.5410598340753623,0.5535030731634086,9.29752834144706
2025-07-02,1.9996526446503744,2.4757032313883065,0.4386680853452836,9.219253434061725
2025-07-03,1.9880920980720522,2.4874290082702473,0.7405379438028225,9.334208019456561
2025-07-07,2.014575846150004,2.470602850601923,0.679715790003393,9.463665281725948
2025-07-08,2.0174169040014016,2.462273186836436,0.7293232273651411,9.519692949533583
2025-07-09,1.9396925664903852,2.5434434373304406,0.6939344014910788,9.51605856381304
2025-07-10,2.029394115114074,2.4543753907126953,0.610755332636506,9.220214512738947
2025-07-11,2.0997117507920233,2.38046099374548,0.5754569196684731,9.320519015618045
2025-07-14,2.0649273103354324,2.419075530929847,0.5896276406874779,9.463407793375328
2025-07-15,2.2157707122798227,2.254866554529388,0.5978744458715243,9.132697282474378
2025-07-16,2.0595350647759902,2.4198965252157167,0.5528742290560085,9.628845918437476
2025-07-17,2.081209543260516,2.388378047763796,0.6350649943630308,9.545143797093573
2025-07-18,1.911258415803426,2.5516648422724293,0.739676939449421,10.038052128078991
2025-07-21,1.8398081783777016,2.6315762205327,0.7602783783330315,10.05879971115301
2025-07-22,1.7926028498663045,2.696863909176,0.7254887923493375,10.0989115511592
2025-07-23,1.93497587160527,2.5447309497785553,0.7190912206922979,9.769327838636322
2025-07-24,2.0284628486597005,2.451751927072526,0.6976377701636717,9.520717754352251
2025-07-25,1.9731384092399482,2.5023499074267987,0.7663070355920867,9.570608124482945
2025-07-28,2.0495758377287316,2.4374969937570343,0.6215600005543261,9.454776489758226
2025-07-29,1.9964083150719736,2.495456263254187,0.5975782079518779,9.30609039581983
2025-07-30,2.020966321826875,2.463713786096124,0.7998557164410062,9.310562514206266
2025-07-31,2.1706990037288136,2.3693527661360623,0.4791120368301514,8.829748948012318
2025-08-01,2.222722596000662,2.341491663454547,-0.4446953582307321,8.47411379386085
2025-08-04,2.2370235280445208,2.3220801931476207,-0.5157884176712006,8.401038640088196
2025-08-05,2.1230387856099933,2.4304952884291158,-0.23536966442066568,8.698936825351417
2025-08-06,2.0932429636500287,2.4490171321703125,-0.2623459517669115,8.89408427071991
2025-08-07,2.1383132371013427,2.4014294764541555,-0.2270736047812643,8.755087259551367
2025-08-08,2.2402960583572478,2.2858328959835483,-0.2396299515971563,8.54240263830048
2025-08-11,2.2266512728807815,2.2937987246141636,-0.19192458460275957,8.551575435597067
2025-08-12,2.227073890443384,2.2833661505605494,-0.315733665999705,8.70641632176843
2025-08-13,2.211056232448818,2.2903136061705043,-0.42400044196525966,8.590136703315936
2025-08-14,2.233818398496726,2.283411888088528,-0.3086146064962784,8.66351285729974
2025-08-15,2.2761814840963424,2.2383883603563066,-0.3203317392375568,8.682081199395686
2025-08-18,2.2223830390641135,2.295995831403351,-0.2373242864546886,8.896237455741211
2025-08-19,2.153441030873114,2.3453151689851666,-0.18548601622911093,8.994968255047002
2025-08-20,2.1474486225066887,2.347830793438472,-0.18998853624620185,8.950718487771308
2025-08-21,2.2524875937705975,2.2690575856339334,-0.19819828262745856,8.705194820232911
2025-08-22,2.103137921871382,2.401819213161422,-0.33353220010157514,9.063121276794519
2025-08-25,2.162838535987321,2.3258064858309058,-0.25842236132188084,8.904804161724732
2025-08-26,2.0853047665152418,2.4039142810470038,-0.4098568642869816,9.2041523958751
2025-08-27,1.8595496495806036,2.618474300823004,-0.24138696851710315,9.952336132427952
2025-08-28,1.7924343702187098,2.672814762349961,-0.04510936918605346,10.022105496308644
2025-08-29,1.7482840147964163,2.700468923980501,-0.0856045243066027,10.291782304980126
2025-09-02,1.8925443873190992,2.5213797518050445,-0.11107549558510793,10.00598178724091
2025-09-03,1.855374156525744,2.5252521046158565,-0.1266981182892089,9.897467838905301
2025-09-04,1.7024369091867841,2.6520755399325666,0.05573388126257906,10.232043376019229
2025-09-05,1.8754592163136736,2.426997293113352,-0.329504249118176,9.435404305215762
2025-09-08,1.9525381634748276,2.3462545966653834,-0.3918919417957342,8.922754016729499
2025-09-09,1.9274308653835122,2.356134859100346,-0.22604185374863017,9.089326215914198
2025-09-10,1.865663435484821,2.393997187840046,-0.1248805013273762,9.166144733211434
2025-09-11,1.987241967693277,2.266567358788113,-0.28478521687742747,8.648911481697622
2025-09-12,2.098912420611635,2.1607835758728453,-0.32123056435775016,8.411894299700096
2025-09-15,2.0936815545064076,2.14701879933556,-0.34234347896328254,8.372122901010735
2025-09-16,2.08803096877312,2.1420169908251006,-0.39205877784506604,8.356709448879476
2025-09-17,2.2438249729851285,1.9568990913827353,-0.4942354796417204,7.897024056516778
2025-09-18,2.3428016608347164,1.8746387208448774,-0.5710112137771715,7.7799888309289456
2025-09-19,2.373695621160281,1.8398654815605588,-0.6216275666932216,7.794051454817792
2025-09-22,2.3476508867455212,1.8278328611875028,-0.4373820795887202,7.91629090620964
2025-09-23,2.3448235105482618,1.8399442067895662,-0.5417788373501814,7.826002841310514
2025-09-24,2.4027305671518366,1.7978012745980383,-0.5618459715889295,7.745534022524655
2025-09-25,2.5469488408394887,1.687649098180727,-0.5846196168205082,7.249572890152354
2025-09-26,2.6257621872100083,1.5904458089462847,-0.6853215892170114,7.065811426058323
2025-09-29,2.604196248180882,1.623179899046376,-0.6805358717465213,6.941190906802798
2025-09-30,2.5170901746581347,1.6923060909896317,-0.5836258713477758,7.291355232954647
2025-10-01,2.383018314070439,1.8091143296771894,-0.5756930453513741,7.675134117628946
2025-10-02,2.464944202305671,1.7721677901082662,-0.7461984546796265,7.318176290341229
2025-10-03,2.592436931315751,1.652923438146284,-0.8287320433074544,6.99523973887642
2025-10-06,2.6484524216150396,1.5736571642464565,-0.8013566777009177,6.9711042846867715
2025-10-07,2.4535686610660834,1.7580546370410335,-0.642802713445172,7.4899990979978535
2025-10-08,2.487544265230699,1.7217329683726506,-0.6198212327438193,7.335920397403434
2025-10-09,2.5323584677966915,1.6843699753209527,-0.6434170107637643,7.208059553071105
2025-10-10,2.46619338161745,1.7548980047083806,-0.7560317602823012,7.115789553385697
2025-10-14,2.32342445744274,1.9047592582758657,-0.7273979492848458,7.54974099710368
2025-10-15,2.363400796893212,1.8716763818790405,-0.6924588520446111,7.4781919736638125
2025-10-16,2.305767292699878,1.9450079552583266,-0.9141313915464903,7.513342434931857
2025-10-17,2.3643334850824735,1.8519321093369283,-0.7945444325636936,7.375536958509501
2025-10-20,2.3271543038776854,1.8530440137229258,-0.6805931911657397,7.414184245586372
2025-10-21,2.2053063108624937,1.9484251887576711,-0.472443073224572,7.689138102669856
2025-10-22,2.2217438042581326,1.9292348618936586,-0.5040176553199552,7.6073693066621715
2025-10-23,2.332311620003641,1.8129501506272807,-0.5190179949974179,7.366506794810911
2025-10-24,2.334983710253713,1.7921783657078523,-0.5188718124346483,7.395017394382411
2025-10-27,2.340933383382669,1.7474231741965243,-0.4370198828279718,7.315464054696023
2025-10-28,2.2925141013345196,1.779642439010528,-0.3474572341600277,7.3916754798197575
2025-10-29,2.2573790643900145,1.7851618990170697,0.13469855878788278,7.66099934420449
2025-10-30,2.284209220445772,1.7645807776204998,0.08824470883869581,7.729225968213174
2025-10-31,2.2006427745513855,1.8419230255142542,0.15655266760879635,8.042196048945094
2025-11-03,2.2316627664314934,1.8529858061875144,0.05302015797317307,8.021154665094144
2025-11-04,2.1613260601914175,1.8892331194444387,0.13239289347796257,8.172982547139553
2025-11-05,2.2201591798928706,1.8072828316976954,0.23758372970409183,8.209507326836066
2025-11-06,2.1471510588483995,1.8901346731636168,0.10053633575701894,8.291260843661004
2025-11-07,2.109590882372147,1.922474167758459,0.08844700211103951,8.45264746972652
2025-11-10,2.226253306038948,1.8438672306754418,-0.04311393243068194,8.123676293021866
2025-11-12,2.1191815080380834,1.9409128417674137,0.07864243320206939,8.311948969159674
2025-11-13,2.1280349214435477,1.9475009998687571,0.10178628081925706,8.397530987066538
2025-11-14,2.0942828164150216,1.957385088432968,0.2705866277408254,8.617360555057092
2025-11-17,2.067419718663905,1.9990267623622022,0.24393781697448955,8.659793456726169
2025-11-18,1.984276948723857,2.0567336055384873,0.30500650642394567,8.957136820227426
2025-11-19,2.014305944882022,2.0271496019701605,0.2986594294642435,8.865032121900555
2025-11-20,2.0498355516258733,2.0145729462929864,0.11459343649988488,8.68235314405818
2025-11-21,1.86325291353284,2.1772114984911304,0.21821607918359162,9.226674618176041
2025-11-24,1.932102738577213,2.1268998679301636,0.05074529190088925,8.923834542098346
2025-11-25,1.7827149865030307,2.279978434968413,0.13158863204371363,9.34970765356912
2025-11-26,1.8048531424926773,2.274259663526783,0.14368832505789148,9.184604980337827
2025-11-28,1.884707467439036,2.164567598155948,0.1222340934522616,9.010571089292652
2025-12-01,1.8961694011043864,2.0642597610770177,0.4018059821145906,9.215597143697346
2025-12-02,1.857307248744723,2.036551394860877,0.4956232319083672,9.328264380987882
2025-12-03,1.6557861291731466,2.1658918943159438,0.7796917940096467,9.906465960780924
2025-12-04,1.7960896401866286,2.017184412572718,0.7354752957747107,9.577466207206191
2025-12-05,1.856696088409346,1.938411058782776,0.7770760858534839,9.47210055641593
2025-12-08,1.9775778929694088,1.833250044581977,0.6133238753107725,9.190465173119872
2025-12-09,2.0451849692748563,1.751582451911319,0.6800634642809726,8.928528604706173
2025-12-10,1.9764452401741408,1.8011639888685813,0.5886654296160067,9.079727742395201
2025-12-11,1.9989981864427815,1.7516789140276392,0.5282429951000333,9.053638483571975
2025-12-12,2.1072132934522436,1.6196417518258432,0.3839347457570487,8.94080654254736
2025-12-15,2.116710321608493,1.6350771519802976,0.2903760628104213,8.873723732294227
2025-12-16,1.9776163334648031,1.76851778602478,0.39250114202119357,9.23317210334486
2025-12-17,1.964047852491947,1.7581168278848216,0.4719875959053854,9.304101653965267
2025-12-18,1.8621979207233528,1.8412987400282153,0.5574330334968134,9.506720545966557
2025-12-19,1.9629091617581342,1.7420446747326523,0.5097195283031764,9.276608309990683
2025-12-22,2.05129125030096,1.6753004160351623,0.3561563976460705,9.056193079629969
2025-12-23,2.107490828931505,1.6073516427055465,0.37090953138666843,8.854539929621378
2025-12-24,2.1238972783058307,1.6181404650685303,0.2744656867789168,8.689130922992062
2025-12-26,1.9483484922923386,1.7559328458647296,0.4894667138776997,9.28382378044072
2025-12-29,1.9069006673981295,1.8147637952535214,0.4766603388642493,9.38446636460134
2025-12-30,1.8995635058209968,1.7871089704796326,0.5318291044187158,9.45032466276832
2025-12-31,2.2393999544867125,1.5156014581950028,0.04792869066452194,8.493520527085199
2026-01-02,2.233128780672579,1.4996681582425522,0.07149074551515641,8.579864996113068
2026-01-05,2.098013804872647,1.6206392087085348,0.22642499599669774,8.95082782845868
2026-01-06,2.092191196367315,1.6104560127312268,0.2855674695727135,8.997605040916223
2026-01-07,2.07312179437252,1.6238244383381066,0.3347015641886295,8.917090434913934
2026-01-08,2.2243425219152897,1.4726882344638987,0.19267418774594597,8.54770754162435
2026-01-09,2.1860415928428747,1.4950516950026527,0.42911863825675367,8.53738525268179
2026-01-12,2.248197697669303,1.4655411402496015,0.30967340926776454,8.397957881635985
2026-01-13,2.202308560731637,1.52324500554781,0.2908371192916323,8.532292456304365
2026-01-14,2.1927995500048345,1.5336033009210468,0.27391976334585627,8.42954002097171
2026-01-15,2.3378096245405033,1.4022339841080893,0.24877051090514044,7.967436146767759
2026-01-16,2.5295294474833376,1.2043410959399223,0.09866128374486384,7.527294368352513
2026-01-20,2.6391703822272676,1.1164658787249058,-0.11494091723095086,7.471509265901496
2026-01-21,2.5336614415349112,1.220240841034567,0.027846073959951638,7.641337232224915
2026-01-22,2.785849358104125,0.9989971392420337,-0.2865694674954491,6.754524949900033
2026-01-23,2.7162593670863973,1.057041891027352,-0.19090091677900783,6.915657329566642
2026-01-26,2.732314996380579,1.033034942991592,-0.2439084803733457,6.7905827274264
2026-01-27,2.731466894963319,1.041462759949692,-0.35946607785214924,6.93158628169657
2026-01-28,2.683225086059102,1.0838472473539098,-0.2201750696700645,7.141786568163129
2026-01-29,2.5045619776613464,1.2339801743266776,-0.039547253022865096,7.686876839037765
2026-01-30,2.4956322923977035,1.2490774951898997,-0.12771705746107986,7.806096733066864
2026-02-02,2.56967071155775,1.1750738405257406,-0.11293761486519985,7.65919708713091
2026-02-03,2.528072121203423,1.2143011638160568,-0.05766697341437479,7.7811940361603975
2026-02-04,2.5356519440288707,1.2079662739139658,-0.07756986059692063,7.796352934041949
2026-02-05,2.440264661277055,1.3117688064234134,-0.23266234234450908,7.907536644421241
2026-02-06,2.451766036887148,1.2983494041674415,-0.1688681558028102,7.875809653629338
2026-02-09,2.487452432268363,1.2744049118325134,-0.2867795201353065,7.761107624905475
2026-02-10,2.4477024617834795,1.3219861784600717,-0.3433101245720948,7.677816855975411
2026-02-11,2.335787051071215,1.410466350051486,0.04076824293281942,8.101097562248352
2026-02-12,2.183094176768219,1.5715081810676796,0.10801124639152669,8.277809790950803
2026-02-13,2.0346685647834346,1.7280352418887488,0.11352558587370536,8.643506979229622
2026-02-17,2.0105230378252976,1.7416503100965748,0.31132017831967856,8.664070955878852
2026-02-18,2.08388441020868,1.6619665472771044,0.3171500795604411,8.516537984940099
2026-02-19,2.042855396825789,1.7022144152329823,0.3789991519569865,8.606483512647317
2026-02-20,1.929138102750809,1.8118612586838068,0.5355190823888609,9.019173810441899
2026-02-23,1.6865884846972479,2.0617154738560433,0.7035921339759452,9.69921143182681
2026-02-24,1.7703576237001672,1.9779176544581134,0.6493750937971877,9.43496159455983
2026-02-25,1.7563281662378478,1.978851100983889,0.744381900655814,9.472286528620305
2026-02-26,1.7110465364641143,2.0428620680160234,0.685916829613479,9.523716019977432
2026-02-27,1.5454593250169997,2.2120792610011355,0.7228142970640128,9.954989802921139
2026-03-02,1.705200858008343,2.06818735263691,0.7980414498217605,9.64228648052829
2026-03-03,1.6957045825661483,2.0702453558229568,0.8853256886964722,9.67805280404688
2026-03-04,1.7963951668847555,1.9610221399769525,0.8901235432610055,9.41598991947692
2026-03-05,1.9613037689347181,1.7883214177760156,0.7819802808716624,8.995640210824162
2026-03-06,2.0344998008204254,1.7144078726924337,0.6049541965379246,8.881847003483657
2026-03-09,1.99296918268593,1.7654424896625707,0.6855311748167677,8.852753245595096
2026-03-10,1.989748124438468,1.7697352179518182,0.6647352878936581,9.035566008734547
2026-03-11,1.9376234573016962,1.800301385175546,0.9016429286165218,9.437826926062012
2026-03-12,2.1155235448372562,1.6058173982810853,1.0400822057363777,8.935043438614425
2026-03-13,2.0636626588200038,1.657898514264949,1.0374368612542568,9.194448832447234
2026-03-16,1.8675302967668905,1.8653644753136358,1.1513966887797678,9.65355951804747
2026-03-17,1.8101780394005884,1.9122518236304566,1.2275629351020978,9.76954242039303
2026-03-18,1.9598015673011318,1.7474512449738155,1.3179553991057829,9.375844657465207
2026-03-19,1.9516966432036356,1.7459729242840083,1.505234761045793,9.261101749059886
2026-03-20,2.1259751793355943,1.5625631751443336,1.5410715424925072,9.170013077640771
2026-03-23,2.0708814131666022,1.62637371674709,1.4508351215800626,9.208264029665775
2026-03-24,2.2626562388552554,1.4259108474680935,1.453244898946645,8.664166666835575
2026-03-25,2.1547375171195537,1.5314583761639258,1.437087191640319,8.847144675271869
2026-03-26,2.4503432427722336,1.2172911493082714,1.4331740049689665,8.05256871427928
2026-03-27,2.5302528637268895,1.1649049493894015,1.0222363417008027,7.9930834396053525
2026-03-30,2.355168546025976,1.3416126226839,1.0282799993522362,8.319231253256556
2026-03-31,2.238851377226119,1.4568153998714164,1.0719335601872975,8.567537210726249
2026-04-01,2.4004396130441528,1.2950005399541358,0.9233393258545142,8.157894342730488
2026-04-02,2.3028262256697456,1.381629773462729,1.0371688587031367,8.367520329313022
2026-04-03,2.368238295105869,1.301707390829017,1.1430559592326193,8.242151602751118
2026-04-06,2.377451901891931,1.3046848779118954,1.1256996278545028,8.146479625125291
2026-04-07,2.217588910663898,1.4429241555552368,1.2110586868561435,8.699257402164115
2026-04-08,2.0419466481242985,1.6044539262494761,1.4053632373555713,9.17618753480476
2026-04-09,2.0163398777308634,1.6184112221342433,1.4055528801073325,9.294792723672412
2026-04-10,2.078642125463548,1.5612060201885263,1.4105897489481602,9.122829520585729
2026-04-13,2.045047374402632,1.6252567227886956,1.3586173557507704,9.20485954179491
2026-04-14,1.9094451915227826,1.7715518557030316,1.4606195304010237,9.51238309172303
2026-04-15,2.056527768307591,1.6313906462880026,1.2699189671985502,9.140406903534654
2026-04-16,2.022601971999103,1.6366194070959148,1.3607392166386312,9.364570074639662
2026-04-17,1.955614867156094,1.72012157084367,1.2092917539344064,9.435004771789025
2026-04-20,1.9454489170257592,1.736465306678915,1.2666757103158264,9.456459002717903
2026-04-21,2.0263509874802446,1.6186478532964215,1.4275087599888034,9.227613749945583
2026-04-22,2.0566024962099623,1.5908028192314079,1.395496627317555,9.145288460355063
2026-04-23,2.188706257619472,1.4592456602941934,1.3141964169533755,8.810786982957984
2026-04-24,2.141693780693565,1.517483825613768,1.2163914430085017,8.925019836405745
2026-04-27,2.2086418536618386,1.4548193610754674,1.1560187679855922,8.840577265056806
2026-04-28,2.210680569548217,1.424290270683907,1.341198199740371,8.807799132577083
2026-04-29,2.3635168708739607,1.254367402521206,1.395242608314284,8.452215866271882
2026-04-30,2.3690233201524253,1.2815498250779722,1.1906587654635825,8.451182139059227
2026-05-01,2.3505286213970176,1.292138414020095,1.2496550564768323,8.46944875194528
2026-05-04,2.3610328610964038,1.2799416976321487,1.4474911295828734,8.580836518675778
2026-05-05,2.4571262627832513,1.178433626633254,1.3248022505265153,8.167021676812137
2026-05-06,2.23072346493556,1.4149766320485115,1.395595474172363,8.724963969262646
2026-05-07,2.365201061161325,1.2829464355422509,1.3480635897742965,8.412449235240537
2026-05-08,2.3011728292705063,1.343428048803359,1.395593186774656,8.527163982048659
2026-05-11,2.3330472576757377,1.3092495390195993,1.505980646686291,8.52896096046168
2026-05-12,2.4154652486559787,1.2156984756844977,1.5203867946340424,8.419972707288322
2026-05-13,2.410248094561778,1.2215790494545156,1.4776079347471804,8.459722621258972
2026-05-14,2.547940687618646,1.0838131923484944,1.3778701630646335,7.972302344142983
2026-05-15,2.8606898769366125,0.7539261569783777,1.2247675754193876,7.36582931384308
2026-05-18,2.8995187749960945,0.7051491717604896,1.1589772758236436,7.291665862314067
2026-05-19,2.9981725423455163,0.5705951209841673,1.2405452317931565,7.12149393965086
2026-05-20,2.748562475949863,0.816934701806368,1.3362841157252625,7.646930124295771
2026-05-21,2.8686669711749255,0.751951445027459,1.2177324958643452,7.224021935987879
2026-05-22,2.8856282267252666,0.718257001345151,1.4011458340397844,7.034426670288562
2026-05-26,2.6979606483151204,0.9329441486998468,1.3280351644325454,7.538993191343256
2026-05-27,2.7225030298764374,0.9102868123342742,1.2579728984939915,7.3981162836117615
2026-05-28,2.65689737702225,0.9802742234670369,1.3176471792158693,7.499402120274247
2026-05-29,2.5798984381400256,1.0560464916273031,1.3624111098153782,7.76294512611736
2026-06-01,2.696892549819927,0.9666343468959423,1.3535743636206048,7.395310795841596
2026-06-02,2.728027880490164,0.9297123922084547,1.3221093751425168,7.230764969565605
2026-06-03,2.7907094743889305,0.8551273294416291,1.3686482453844286,7.102010634014107
2026-06-04,2.7661174829787205,0.8901067005669943,1.292027686582463,7.129837350265774
2026-06-05,2.9767572889798024,0.6554173562959441,1.4143760540016104,6.577778163032617
2026-06-08,3.0051269557068916,0.6425005296426372,1.2882257949139735,6.57163606589389
2026-06-09,2.7813342826635767,0.8525939828159841,1.5703063373535833,7.188323325394491
2026-06-10,2.7990209294840214,0.8353683126052596,1.5436232162430144,7.204427331797393
2026-06-11,2.643896379084703,1.0005866350698587,1.5219997072007923,7.432558431209262
2026-06-12,2.703559209442127,0.9348879969432079,1.5452078722434712,7.304669994702092
2026-06-15,2.6539860889798645,0.9920324500371609,1.5160067711142349,7.454726072178661
2026-06-16,2.5786524694029698,1.0556727656051943,1.6213226317048468,7.532777135301904
2026-06-17,2.6075054791331214,1.0195385150388214,2.1441624969382396,7.416111472460985
2026-06-18,2.461848359136428,1.17345190424822,2.2922395979930066,7.759328216522377
2026-06-22,2.3960439316798072,1.2229992693993503,2.5772800611358693,8.123750251108412
2026-06-23,2.5014884258869885,1.1312258061351614,2.2657984487103193,7.794460246816268
2026-06-24,2.247079533000609,1.394641712623392,2.436375653319904,8.309421836087074
2026-06-25,2.2728682775895046,1.397630269416392,2.2600095320147444,8.24173045838393
2026-06-26,2.133868052910422,1.5345582209511786,2.3286295649857975,8.699500808005887
2026-06-29,2.106472228402227,1.5888487953787154,2.4380135110653574,8.739196699804541
2026-06-30,2.192544856943903,1.4906507001365792,2.4377526635062954,8.665443769640525
2026-07-01,2.2376326607720065,1.4088155354054097,2.521114372478796,8.67735830283827
2026-07-02,2.349107959960778,1.3153218944433362,2.211122835678369,8.40824429182189
2026-07-06,2.2396547650984875,1.4410016431225907,2.2690602588618423,8.77153774995196
2026-07-07,2.163399109328015,1.4955541673734667,2.596642621006044,9.196399052385503
2026-07-08,2.262596647434859,1.3842818252069105,2.5622106261967903,8.920978271468146
2026-07-09,2.3279831711133556,1.342928952178375,2.2704882590333666,8.70670716360197
2026-07-10,2.25422184992086,1.4067645511214049,2.534573090077766,8.961827261941577
2026-07-13,2.400549963371939,1.284264194860112,2.5240923050220454,8.605496827116605
2026-07-14,2.517219182446922,1.1605338419316609,2.081628594944429,8.213700619624158
2026-07-15,2.4241835894630337,1.2586905132415303,2.0043715694613167,8.49113558386142
2026-07-16,2.4697541389287756,1.231645333633398,1.983072427390291,8.393316990634462
2026-07-17,2.363320727486208,1.316252717495856,2.247011075871923,8.619926489402566
2026-07-20,2.4042234113256598,1.2747777189178109,2.2940386504019914,8.653704562262652
2026-07-21,2.495464069800968,1.1962286888540374,2.3288250736416316,8.414216426126906
2026-07-22,2.518771285284106,1.1821281642527068,2.4097081077949216,8.416224165104133
2026-07-23,2.678886078321962,1.080509694740061,2.286318196857385,7.9852860960927625
2026-07-24,2.5858140972169528,1.1725125428169123,2.3078551889797563,8.24138890516932
2026-07-27,2.4878614357831044,1.2735459718133855,2.418366859841363,8.422118257924058
2026-07-28,2.400013946954057,1.3155514838676419,2.45896057486367,8.590161029171897
2026-07-29,2.485493196057393,1.1805869563582787,2.196252716962105,8.708530038103934
2026-07-30,2.592101096451127,1.110377309925959,2.005032150370845,8.411722959167198
2026-07-31,2.706089005635996,0.986575700735344,2.0014441490630066,8.25310010648358
2026-08-03,2.574921480888566,1.1681026183194323,2.049941944522745,8.512753069025818
2026-08-04,2.3794318954654434,1.3535460748389532,2.156510746514311,8.963085778946379
2026-08-05,2.443353950832492,1.286866090273829,2.038030281777006,8.757387802374407
2026-08-06,2.6306776402158256,1.1107523905055126,1.954359397217943,8.305095180364138
2026-08-07,2.591627921093447,1.1424124531354571,1.8247975474083182,8.366502571867484
2026-08-10,2.6923499210587187,1.0464842604683953,1.8498111733317235,8.228496877188595
2026-08-11,2.628529984717391,1.116421999082119,1.826093811168338,8.422320232654023
2026-08-12,2.622865506566874,1.1094020356855738,1.7740487149828164,8.424793441101277
2026-08-13,2.5439230536658455,1.2003195720357507,1.6996035197949553,8.568534709675871
2026-08-14,2.6254187371335593,1.112702748618419,1.6644774135492044,8.464292347648957
2026-08-17,2.567846107358173,1.1697701728441103,1.749976879591222,8.830303743667393
2026-08-18,2.601669517813738,1.1222777152995458,1.746248930326707,8.637575545403218
2026-08-19,2.631823072413966,1.0830350197282321,1.8036718374333471,8.192738739501182
2026-08-20,2.88577651846934,0.8637623479500518,1.4112704844052024,7.536484656311191
2026-08-21,2.872319378689933,0.8678419745686794,1.5738445335574152,7.714095928526895
2026-08-24,2.7941241515599122,0.9317166655280603,1.7392625966937119,7.806305371941868
2026-08-25,2.691521493439792,1.0426266915692703,1.6968572011593854,7.959552186612655
2026-08-26,2.8108781888328003,0.9188788791997831,1.6214733045170087,7.612644223974435
2026-08-27,2.80465433619273,0.9232568266845609,1.6653109540233835,7.661105882396437
2026-08-28,2.8316231869756345,0.9151245168216731,2.0300873642048525,7.618418121260706
2026-08-31,2.890064438226259,0.8661712657170034,1.9051357493877787,7.548241647327051
2026-09-01,3.0277406224781562,0.7228400073919816,1.892090883223646,7.181990569810869
2026-09-02,3.0096391462083707,0.7304330862085554,1.905065267568595,7.244029348720056
2026-09-03,3.120841119884453,0.6152130117772632,1.609595612960614,6.853357010837753
2026-09-04,3.096731464534578,0.6167038448478008,1.814550406526563,6.892306262413271
2026-09-08,3.1927419420235936,0.552373579561899,1.6871749881073346,6.634244618883272
2026-09-09,3.252453506461157,0.48753637746545664,1.7379155007359277,6.513061571364475
2026-09-10,3.5436730546280963,0.26168290906310426,1.6417334059849025,5.9019224569239315
2026-09-11,3.5410231110396087,0.29314216285631756,1.8551576216776262,5.826447778910289
2026-09-14,3.5759034515106034,0.2856812179359212,1.8928535523049013,5.672479325057673
2026-09-15,3.6263175620960877,0.22154894901771685,1.916875181082326,5.592492134088085
