date,f1,f2,f3
2024-01-03,-0.16916630457722964,0.016934985919735496,-0.010100015469603362
2024-01-04,0.427946984488874,-0.040451084048919554,-0.01586218549130468
2024-01-05,0.3190895856442142,-0.08268126527808455,0.006373373801951645
2024-01-08,-0.21531710663380638,-0.021390380551827487,-0.005196586811738352
2024-01-09,0.009830825923737302,0.00027310033389811063,0.019346617371968165
2024-01-10,0.1107080272360445,-0.041248930433906976,-0.002603320733458136
2024-01-11,-0.20875143292880072,-0.15564967978738242,0.025056883131877383
2024-01-12,-0.09841549539617202,-0.22239455317149195,0.00803900025035288
2024-01-16,0.5856138360215128,-0.016866604093835332,-0.022328082472419325
2024-01-17,0.10666884327440958,0.19484910089814075,0.015349239823686075
2024-01-18,0.2540769154269757,-0.1096760311908847,-0.001031951832113975
2024-01-19,-0.0016986596684956882,0.1195444570336155,-0.018023617374475935
2024-01-22,-0.22991282510534344,-0.004226305323598955,0.00024467699554581244
2024-01-23,0.2291291765016453,-0.08456250411349213,0.00808329654017518
2024-01-24,0.1888006169875664,0.004156836513439032,-0.01780863745137944
2024-01-25,-0.22398119888994028,-0.05886169277673667,0.0035279090068490847
2024-01-26,0.04512142576520697,0.07028922517236162,0.003229065089584215
2024-01-29,-0.43085558408126345,0.008915296015466184,0.006403267074985941
2024-01-30,-0.0863230445827353,0.14635346511352723,0.011245755007806842
2024-01-31,-0.3699602838869692,-0.0845122715522481,0.013967842142386354
2024-02-01,-0.6417938085632015,0.030451105235275357,0.04277647461874566
2024-02-02,0.7458208288416426,0.1965578302423506,-0.024908820193716905
2024-02-05,0.6809163543697008,-0.013473984584986748,0.0036340105802323617
2024-02-06,-0.3807773658015626,-0.05084106978499907,0.006365099075774239
2024-02-07,0.08671723864703537,-0.002755131494659827,-0.0016579721218162452
2024-02-08,0.31900469264786974,0.008241023794046022,-0.0101396621557838
2024-02-09,0.04470582598032487,0.03464771498835979,0.009115792125284036
2024-02-12,-0.027163642655927366,-0.018067028963022272,-0.01184899268639654
2024-02-13,0.6414703421340773,0.19601759679162345,-0.005617030512794188
2024-02-14,-0.1613470463887502,-0.10957223603676028,0.012013438440791674
2024-02-15,-0.17331744785465303,0.03061994831170989,-0.02569306183468831
2024-02-16,0.2223789708419782,0.10157122123481652,-0.030072360834534444
2024-02-20,-0.08224605187478243,-0.08810531709136862,0.004298735134743031
2024-02-21,0.24449186053695948,0.004429139470582204,0.006006600086337844
2024-02-22,-0.04132110294173128,0.13267707646296276,0.0016839941408159627
2024-02-23,-0.4300877308359727,0.12877329515717495,-0.05834370280467402
2024-02-26,0.11737753667402222,0.007838817872816477,0.021710171106338855
2024-02-27,0.17206308535651052,-0.057382514788927655,-0.014343785624390077
2024-02-28,-0.22443351087230567,-0.026256204664012073,0.02012391469968792
2024-02-29,-0.13858086354823998,0.047349220689229525,0.0009601526077616873
2024-03-01,-0.3265155016895244,-0.10833369438110836,0.009191430000405275
2024-03-04,0.16045224642475253,0.0721774233325938,-0.020438242960504303
2024-03-05,-0.47568102733550144,0.02831472320810338,0.03178673867692201
2024-03-06,-0.16877263752597427,0.06101385966256783,0.014900972325407075
2024-03-07,-0.06745805842393224,-0.10490306828964466,0.016430093611695392
2024-03-08,0.01825901134502877,-0.06026895752219668,-0.020067000916804145
2024-03-11,0.008670554905927778,0.061649053881044746,0.019646080805694514
2024-03-12,0.3147841510068574,0.04009513545845502,-0.0035429105944313065
2024-03-13,0.1511009772179202,-0.000530663375615409,-0.0011911107751625283
2024-03-14,0.5179261070758426,-0.006453101528486825,-0.0008515457778990596
2024-03-15,0.02836901913350625,0.08494969603796641,-0.026086749407154736
2024-03-18,0.13347400673313542,-0.012397086588707388,0.01593647908832999
2024-03-19,-0.18054020903466572,-0.047722638803605666,0.04035094678541111
2024-03-20,-0.07599807954156906,-0.1523731244051653,0.0328606512621648
2024-03-21,-0.012705405983723828,0.03619293611233329,-0.010956249421404997
2024-03-22,-0.32102118703841476,0.007897186885151312,0.014989299057260557
2024-03-25,0.16662308458564676,-0.007299930942977298,-0.005955802323176884
2024-03-26,-0.09351671043202449,0.0479726721842218,-0.009513648691329635
2024-03-27,-0.24292230463978065,0.032680082967952,-0.022261770257532853
2024-03-28,-0.008626555111051403,0.1032920102010959,-0.021578183824484076
2024-04-01,0.6411845647037032,-0.03851577625130024,-0.012087527696929293
2024-04-02,0.16868359536862979,-0.06485022906569127,-0.02652638914738763
2024-04-03,-0.026406482064494686,-0.04732620831298334,0.028574869929262194
2024-04-04,-0.23177453093608863,0.018766256988214474,0.0008256679782695052
2024-04-05,0.38787072607829665,0.030459466454044893,-0.02626529736299019
2024-04-08,0.09048213564780513,0.09237604703705526,-0.01331465887307732
2024-04-09,-0.3127714786506671,0.010676865544625196,0.03204754704701579
2024-04-10,0.8911984181580079,0.20412112251903722,-0.02530142994205311
2024-04-11,0.04666478648351946,-0.04805239955344386,-0.07988265396853758
2024-04-12,-0.26414477767955186,-0.06964861850432393,0.06811194610343703
2024-04-15,0.625842038434487,-0.07765706328970003,-0.0652642819438119
2024-04-16,0.17344533329128842,0.014681382066514896,0.08255247449985297
2024-04-17,-0.36901396535075043,0.014396140582856837,-0.0872767479804372
2024-04-18,0.22518574312955492,0.03161965212480979,0.08637052117577315
2024-04-19,-0.12796328588925815,0.013880539451262571,0.0106148983348399
2024-04-22,0.010005234581558152,-0.01871164052536693,-0.004279722959854082
2024-04-23,-0.042480289350149365,-0.08369909127666908,-0.023315940107661075
2024-04-24,0.2331182968669865,-0.03919371775712433,-0.011052072688927179
2024-04-25,0.23085189720492533,0.05403657402693546,0.02185239343012353
2024-04-26,-0.18328592540456176,0.04420682468121094,0.015373841897248297
2024-04-29,-0.20080174547178242,-0.006707193254463371,-0.003166487260109978
2024-04-30,0.2416489294159604,0.06882261836034956,0.00490236869921038
2024-05-01,-0.32368437261902705,-0.0528988105595487,-0.01411931120927168
2024-05-02,-0.1709579719561601,-0.12369369595056837,0.030332044443279547
2024-05-03,-0.37856292760101196,-0.05793149353986111,0.024889299203743664
2024-05-06,-0.10480836914702553,0.07919201200063221,-0.03885139708242875
2024-05-07,-0.15820825756204884,0.057582384567597754,0.003047100162944294
2024-05-08,0.15485808189081396,-0.023879284217694304,0.012621370077461967
2024-05-09,-0.17003473164197028,-0.010936292717884735,0.034410355287710775
2024-05-10,0.21636178327620265,0.028867019557413758,-0.04506476596572734
2024-05-13,-0.09658127522502667,0.015662702081398517,0.0038941484171815264
2024-05-14,-0.18613975464627763,-0.02247933683943633,0.03625228184293378
2024-05-15,-0.4864545264759258,-0.02964218264310781,-0.0006544144986799591
2024-05-16,0.08442400011429613,0.09180317006080896,0.06092956408499815
2024-05-17,0.1894344823026455,-0.002629890937836922,-0.098641574075156
2024-05-20,0.07848188393973696,0.008671834295267269,-0.002717611557503113
2024-05-21,-0.13548667976665416,0.011611415666374159,-0.022458941555337023
2024-05-22,0.011891451155782166,0.09880797626285341,-0.024242052429753955
2024-05-23,0.23283176863575963,0.04200481541701105,0.14633239353828983
2024-05-24,-0.0350928645784079,0.03446540962356713,0.02029512859576682
2024-05-28,0.3634251286264912,-0.0793748877564668,-0.18624288705837794
2024-05-29,0.4216293449071702,-0.07626338447203738,0.20475224150877608
2024-05-30,-0.30452041779199274,-0.006837069717186565,-0.009061154623685182
2024-05-31,-0.23220089553246737,-0.017147340435861996,-0.0003073490611025555
2024-06-03,-0.5550835495107515,0.04343604995466846,-0.16301382153917204
2024-06-04,-0.39012386430967694,0.016213948265477517,-0.01362754132829928
2024-06-05,-0.20317081168723866,-0.016543219564154873,0.04575255004532644
2024-06-06,-0.09062786915870354,0.0011815739683334477,-0.012884840899500248
2024-06-07,0.7020102489452196,0.09206121051797984,-0.05339796554571835
2024-06-10,0.23371009392055436,-0.08120381696714901,0.1709086178260352
2024-06-11,-0.37765245479177806,0.01668434619651377,-0.15556902551660923
2024-06-12,-0.36739867695500006,-0.05531854195866518,0.025366269500535783
2024-06-13,-0.3854322402581791,-0.009903228483671958,-0.020473443895627916
2024-06-14,-0.18856075812752518,0.09309436226372313,-0.022957107109148944
2024-06-17,0.30039424783569973,0.02572887372826283,0.0020256510734815146
2024-06-18,-0.27976116232512493,-0.03118582676307244,0.057383486651396504
2024-06-20,0.15669593795219314,-0.015856553772050433,-0.00878022917151709
2024-06-21,-0.003616659803807783,0.0013687452047222012,0.008343224536523804
2024-06-24,-0.06356108254473179,0.04723660036718418,0.008127271373626
2024-06-25,-0.08537903889867146,0.011514611802532186,0.002038650908102513
2024-06-26,0.4507650693666896,-0.023001699089896157,-0.019119466597292006
2024-06-27,-0.1400329110120166,-0.030357342319517013,0.010275923602323574
2024-06-28,0.37130030225900107,-0.12192308336618841,0.00815795204305601
2024-07-01,0.6932074205584268,-0.11258430410346222,-0.04539991111153135
2024-07-02,-0.2601468716539989,-0.0061477920387701165,0.004260835122115119
2024-07-03,-0.38545415490357554,0.04412229204240134,0.013306539545281076
2024-07-05,-0.3866217948496321,-0.1043748803406242,-0.014371583187695876
2024-07-08,-0.04841342795960759,0.04317688700159078,0.00023192206116320893
2024-07-09,0.14740655945789544,-0.04161475671705058,-0.0012119904358876585
2024-07-10,-0.10121100297506154,0.03187400134680637,0.013609205152259381
2024-07-11,-0.43697755137101846,-0.10913211706222942,0.008421594001128654
2024-07-12,-0.08633948481016367,-0.051652182312431946,0.006896889714945835
2024-07-15,0.2762650158913944,-0.10729388723119142,-0.006236848630566503
2024-07-16,-0.38899307691769985,0.1025440582030268,0.003608596255716415
2024-07-17,-0.0671342510525958,-0.0029183102670523237,0.0015342211821458846
2024-07-18,0.2528511479121902,-0.017101314460341036,-0.017077580814545662
2024-07-19,0.19478909432594105,0.011791412622457803,0.005600771045531644
2024-07-22,0.0991832885927772,-0.027918067496861095,0.002523336472867758
2024-07-23,-0.05877255798264418,-0.06360711091514727,0.025379175480097462
2024-07-24,0.2389137694012268,-0.15828635577881178,-0.010752361521854095
2024-07-25,-0.1394742274582564,0.10518748960098749,0.00728733836317467
2024-07-26,-0.3351812740354002,-0.035736327388431556,-0.0033547921563598687
2024-07-29,-0.144132555947344,0.03361082141461006,-0.005010190739418025
2024-07-30,-0.12149013508766937,-0.01165240646771657,0.0008181860050755143
2024-07-31,-0.3192672802399805,-0.038819216340842726,0.02560096536702658
2024-08-01,-0.531169347280406,-0.10251799445681589,0.01614517686249875
2024-08-02,-0.979295080032151,-0.24083278424013085,0.031086559793038118
2024-08-05,-0.12470973963787448,0.09331667823724493,0.003847012754605497
2024-08-06,0.6226029639069826,-0.009626932302693052,0.010348071479818305
2024-08-07,0.38529155057656894,-0.07144598365692234,0.005056303073631231
2024-08-08,0.1799943216572325,0.013432417403080222,0.0071249025071253745
2024-08-09,-0.28926080327184805,0.13682020270412487,-0.06037359051537762
2024-08-12,-0.20091578173408617,-0.040837998721953574,-0.013395974538653946
2024-08-13,-0.2632745161969606,-0.11627047148608866,0.06627113122428657
2024-08-14,-0.17171690733396563,0.08752883330763506,-0.0027106449894234294
2024-08-15,0.39275405523529794,0.21753128692041848,-0.06768208180824221
2024-08-16,-0.11459045290297287,-0.06415797832758796,0.06903227513040289
2024-08-19,-0.1835888798197274,0.06681716488025922,0.0009450619195100796
2024-08-20,-0.24568881517080518,-0.039757286990023004,-0.0033873586742103343
2024-08-21,-0.14294198885128917,-0.09738018322521957,-0.004334839601554284
2024-08-22,0.37122437724236546,0.022881128684926737,0.0046740559081291854
2024-08-23,-0.25367141904221,-0.10050316709265752,-0.011260566935227631
2024-08-26,0.03192918758950798,0.02093135285325085,0.006310481324419186
2024-08-27,0.08542324389995576,-0.07140412387291711,-0.01085494197627192
2024-08-28,0.02413187388840261,-0.005258559726072533,-0.005233473461814127
2024-08-29,0.12200376652387471,0.016572224393464452,-0.0009320121637615963
2024-08-30,0.2015833741348406,-0.024612938797252897,0.0046540025725059055
2024-09-03,-0.39752062240769914,0.03544412753811705,-0.0030923523368764664
2024-09-04,-0.4156445674671616,-0.07058367596315641,-0.01461168029234846
2024-09-05,-0.18272612994494974,0.0428169567160095,-0.004640997454204924
2024-09-06,-0.07086159751524884,-0.13228783441037215,-0.0041542132216697905
2024-09-09,-0.12895910367819144,0.04373789924336765,-0.0050349662123823375
2024-09-10,-0.25895682097380096,-0.061198892111298746,-0.004989746618911771
2024-09-11,0.0064858718674200505,0.061485219343967244,0.008747058198675859
2024-09-12,0.16878975219350145,-0.043702378466853764,0.001362725466052546
2024-09-13,-0.1436000965778385,-0.08624967885041587,-0.011643352727281038
2024-09-16,-0.21607172033108427,0.06722730390664185,-0.005904466396482785
2024-09-17,0.09904903256022408,0.022606446387587915,0.006175358217295154
2024-09-18,0.3260910526429987,-0.09652366320832471,-0.005660199356651867
2024-09-19,0.12961649712078194,-0.061123492064888325,0.009632516737822849
2024-09-20,-0.017944312459662968,-0.04968080282986808,0.0007908825633066146
2024-09-23,0.09216946274429126,-0.0035143357542177863,0.0076406772036857465
2024-09-24,-0.042436435512557776,-0.08677443605550364,-0.010232286392250921
2024-09-25,0.2587132535658523,-0.011122368312652056,0.0014351467889562907
2024-09-26,-0.002107155971545256,0.12312032440161069,0.008488248383968448
2024-09-27,-0.20123310670105396,-0.07136454226187885,-0.006763817737419837
2024-09-30,0.26628362055042687,0.10145152376507707,0.019103593628134727
2024-10-01,-0.3294405061684977,-0.000921916708187268,-0.007360081440500359
2024-10-02,0.2687477221991893,-0.06889909759665502,0.0012956176075428654
2024-10-03,0.28921454356832976,0.05529347438436927,0.012811330728183674
2024-10-04,0.6052989641877415,0.26499757103093025,0.03779108027115137
2024-10-07,0.2392751305226941,0.07634898484478181,-0.03271128007635245
2024-10-08,0.041513047031968245,-0.07774456951224878,0.030172198547312366
2024-10-09,0.11300511299757607,0.07977967983502184,-0.034347386808051675
2024-10-10,0.15414740802554866,-0.12199212161006963,0.04028321750742172
2024-10-11,-0.0334002740264207,-0.05801356591625982,-0.058971240669233704
2024-10-15,-0.32378078443112074,0.11150156353717625,0.053201373534451764
2024-10-16,-0.06950986289287847,-0.006605760691744803,-0.008144948958034352
2024-10-17,0.4073619225951831,-0.047701788988029604,-0.04647972744574545
2024-10-18,-0.06178144347121539,-0.03657455097995285,-0.003321541118959757
2024-10-21,0.5435265447820197,-0.02079179226851896,-0.0072742117996629045
2024-10-22,0.0494785292837473,0.0441325297656283,0.0018534327511600776
2024-10-23,0.16003496315924273,0.05742208058206348,0.0073964603538702834
2024-10-24,-0.2059920087916457,0.047965499044704846,0.01475694319411683
2024-10-25,0.2241861989786768,-0.01462897850636505,0.002008922673229887
2024-10-28,0.11747407225840444,0.04933671178937977,-0.0005680457236198764
2024-10-29,-0.008896772583698252,-0.0101080902762535,-0.014298235215705377
2024-10-30,-0.06320279995200129,0.15324367541552197,0.0010129376584298046
2024-10-31,-0.10472815969365416,0.06703078040745682,0.027567402704316367
2024-11-01,0.5018917472099088,-0.08056035332978129,-0.04584807167541745
2024-11-04,-0.36126807919150605,0.06488590491253503,0.00566660229996833
2024-11-05,-0.2203565948838895,0.12770592767121622,0.004996262701040177
2024-11-06,0.815430069864958,-0.14563172640597927,-0.0064070205896491535
2024-11-07,-0.46901827901258447,-0.026498125099444537,-0.004563114120753599
2024-11-08,-0.18655427587005377,0.20155220969613882,-0.14659002064266757
2024-11-12,0.609616436776884,0.004859095498853232,-0.01018076948993898
2024-11-13,0.14563058251674155,-0.21296883584776954,0.126033810746202
2024-11-14,-0.18950537328132297,0.20647483307399433,-0.055659369184752894
2024-11-15,0.050211604652029215,-0.11190028389337589,0.08671377080849689
2024-11-18,-0.00979702377169391,-0.06955728834236206,0.0023533313040273803
2024-11-19,-0.20873691490274454,0.05537492694206643,-0.018893196513086557
2024-11-20,0.0950928369211562,0.0302875115817731,-0.1350805998474214
2024-11-21,0.10484047308716256,0.012201932638952655,0.03594626798568188
2024-11-22,-0.06248821334831237,0.047791463506397,0.005467665688692221
2024-11-25,-0.7676490186449267,0.09017476454584496,-0.060011945019499656
2024-11-26,0.15305209999061956,-0.025392008135925237,0.028834226922837627
2024-11-27,-0.2638049380849664,-0.011591371320858407,-0.048721775113310856
2024-11-29,-0.36129024465508963,0.014979641344495422,0.07973646876472898
2024-12-02,-0.018150727011612817,0.05990359232497841,-0.05380104987789459
2024-12-03,0.18764946647940295,-0.04971166382968757,0.003087516532205305
2024-12-04,-0.24978521025532477,0.0064354312366422355,0.09062473304876702
2024-12-05,-0.12069983995403662,0.07506951606970964,-0.11464804651545003
2024-12-06,-0.05231611866610269,-0.10169432244816586,0.023441308143917483
2024-12-09,0.23724331822369749,-0.050440382768789295,-0.035084192249781015
2024-12-10,0.09787154874379858,-0.003039749434179348,0.021965458215672907
2024-12-11,0.3121468903182239,-0.09497169689746725,0.006379227967083259
2024-12-12,0.33513163111820016,-0.0791034211702316,0.020361100760664653
2024-12-13,0.3700028955245705,-0.0033119613104646535,0.025742410548014284
2024-12-16,-0.08102183675253145,0.0363786922440851,-0.004221371743309801
2024-12-17,-0.02207884237284074,0.04734889744249794,-0.028597969362712073
2024-12-18,0.4554865235294262,0.11523643324347108,0.1435253106658187
2024-12-19,0.3940306155664762,-0.16486469243124438,-0.07289065554981183
2024-12-20,-0.2136450969731992,-0.035382914278798236,-0.003461334038769079
2024-12-23,0.3333459305432488,-0.0003951614738705341,0.012794526053913211
2024-12-24,-0.04799132373759523,0.03939197930294476,0.05116114957836964
2024-12-26,-0.06098549190902409,-0.025303910303976863,-0.039489741672531276
2024-12-27,0.24131870805399105,-0.08627974004114597,-0.0025504973692436314
2024-12-30,-0.3274607429038964,-0.0761406134246128,-0.03206197747516763
2024-12-31,0.06786448914399187,0.0003097473877879033,-0.005285025892277576
2025-01-02,-0.01685460004756083,-0.032655083287131605,0.0028986457322713087
2025-01-03,0.14689695116776166,0.022992772887318325,0.02843856008975936
2025-01-06,0.10532516093867529,-0.03900746991029028,-0.027472853678835167
2025-01-07,0.3072014833954404,-0.06254052968509546,-0.01831389294805192
2025-01-08,0.004295262553850607,-0.045188197206356986,-0.016224110410085285
2025-01-09,0.054000751317123334,-0.020234350777071995,0.026624706264934305
2025-01-10,0.32831256825728944,0.22175177930088247,0.07111226970411916
2025-01-13,0.047292753599244966,0.03374850903043651,-0.023748059719013552
2025-01-14,0.002451112817781038,-0.07177189344965183,-0.0300913785374373
2025-01-15,-0.6307968194564791,-0.04634856405113429,-0.04807963732923577
2025-01-16,-0.21654521477244523,-0.03522785344461103,0.06596049196787056
2025-01-17,0.007799987407140794,0.06992544944401684,-0.0506603966350767
2025-01-21,-0.22869056779804886,0.07007768851667077,0.032084966642895264
2025-01-22,0.10463013859128142,0.013061117583659748,-0.0017506172849254356
2025-01-23,0.22170796206099572,-0.08944118964402516,0.01285387673126343
2025-01-24,-0.10282133746607118,0.012957940960058775,-0.022846526476289892
2025-01-27,-0.48883629379284865,-0.04490925602114978,0.1781488711355954
2025-01-28,0.08563384032662047,-0.029242069043473394,-0.02585219556887995
2025-01-29,0.029362279101633207,0.04200537572158609,0.01752781130319457
2025-01-30,-0.19700172067234012,-0.010441931787234867,-0.015605443837726265
2025-01-31,0.3378757723608872,-0.05390415637812383,0.023681456025153626
2025-02-03,-0.28392502280093085,0.18095189076985677,-0.16151777207671805
2025-02-04,-0.10816583624898689,-0.07281382928978829,0.15356698652038564
2025-02-05,-0.5572309419525894,0.1284809720344011,-0.012393528058048683
2025-02-06,0.06143090157726887,0.04738376600674127,0.031864911014322185
2025-02-07,0.2484864179225385,0.06620418783769887,-0.11320319721655496
2025-02-10,0.056481218323038575,-0.04919445080525648,-0.0012042512534440003
2025-02-11,0.18029006768901373,-0.027129553341423272,-0.020479056569957473
2025-02-12,0.49433241353913226,0.02554145842143229,0.0314335664176648
2025-02-13,-0.5516190871727424,0.058587485272316886,-0.00914495330552145
2025-02-14,-0.21994570087135198,-0.05349159883163192,-0.016166812054092358
2025-02-18,0.3792490649748207,-0.033219885602432005,0.02099949234642265
2025-02-19,-0.08688227670012597,-0.039583178712245544,-0.04528233548367732
2025-02-20,-0.12509352389416217,-0.0051995395613918605,0.009114796750802704
2025-02-21,-0.4254067158974997,-0.025628635496431844,0.1510227764470159
2025-02-24,-0.07817066553045254,-0.031977535925636714,-0.010098508336251113
2025-02-25,-0.5493555398407182,0.03624987005575608,-0.04390138437234298
2025-02-26,-0.25999998579689776,0.016948147228751265,-0.005383224773714435
2025-02-27,0.2231503189597967,-0.08079456887997662,0.011839040769962797
2025-02-28,-0.251583953380138,-0.05458093935295811,-0.003361776190765206
2025-03-03,-0.3542011839306678,0.016180997151910143,0.00638430805442237
2025-03-04,0.35294341506672466,-0.13328575095524783,0.0038293405910053992
2025-03-05,0.27013326671061627,0.03362683910772065,0.008130878411514284
2025-03-06,0.0580184985738312,-0.07176729731643744,-0.02971853948059618
2025-03-07,0.14451915561893672,-0.01008362794932368,0.007375016804329139
2025-03-10,-0.4692166475423805,-0.06657111829540034,-0.002110004027610686
2025-03-11,0.2685626306337719,-0.0017904338279308761,-0.025253368330249028
2025-03-12,0.20723308313377678,0.03931237482013568,0.008364531489466098
2025-03-13,-0.24481514028558374,-0.03434878025827048,-0.002073387454306599
2025-03-14,0.17583862771611908,0.09770460465880618,0.006467977875820984
2025-03-17,-0.06908220473806222,0.10146990178216209,-0.00884320554434798
2025-03-18,-0.134069972097939,-0.004094600840833276,-0.012503919442010606
2025-03-19,-0.1592111567064869,-0.05772879726675334,0.02605737752270573
2025-03-20,-0.07878562790611256,-0.04386036951627626,0.0007675239058557096
2025-03-21,0.12231961429316382,-0.10500359922079022,-0.007151606120919179
2025-03-24,0.40461394987068355,0.050417252182764404,-0.006659984433843182
2025-03-25,-0.0927903657577578,-0.05093497446243282,0.006335328607401098
2025-03-26,0.18288576237229293,-0.03186892384029027,-0.007696066912348856
2025-03-27,0.15510948347784032,-0.07838626122028804,-0.00844997555846225
2025-03-28,-0.5519732603137342,-0.021397448021354317,-0.00015076621273300898
2025-03-31,-0.2189543010247593,0.057137671673154374,-0.009359097236326044
2025-04-01,-0.3362080072642475,0.06138141991229878,-0.0063194763899583496
2025-04-02,0.1425223472185786,0.0428899992477917,0.008573907078338328
2025-04-03,-0.5302243694246872,-0.3243504527341966,-0.013538917179841155
2025-04-04,-0.34121861669554887,0.10993949155364638,0.014667130084578688
2025-04-07,0.8360042907646582,-0.21989849739612174,-0.03179457399339291
2025-04-08,0.6563976108771091,-0.22591727339257528,-0.04945177397730168
2025-04-09,0.28742895333505725,0.41847519715038295,0.04031746071953765
2025-04-10,0.5236869305948544,-0.4265856671738592,-0.02861720712023761
2025-04-11,0.1344535132316663,0.321509825540308,-0.0071700864169865165
2025-04-14,-0.4373395565158402,-0.172819567270772,-0.002940424313673539
2025-04-15,-0.12107308735913051,-0.023240288274172897,-0.012973412241254268
2025-04-16,-0.2846036843480553,-0.08513091521796574,-0.008770561056130506
2025-04-17,0.2923945856876001,-0.02817765087303221,-0.007708820651258774
2025-04-21,0.47365221251514084,-0.2627337266209979,-0.0654181659433601
2025-04-22,-0.12077141186554524,0.1403226889321238,0.029804071457610725
2025-04-23,-0.18634110362912953,0.22012750927759642,0.031919456506440326
2025-04-24,-0.3956115885893592,-0.02168980980064345,-0.012601478027625327
2025-04-25,-0.20657981561780442,-0.012254377248807945,0.007999990776002717
2025-04-28,-0.2826986808524772,-0.054812278415932385,-0.021104819172911835
2025-04-29,-0.2769001421765464,0.028272971620748998,0.0015058687501232468
2025-04-30,0.018901086326719913,-0.17123264550376888,-0.023166328045720143
2025-05-01,0.4134382108098267,0.047269141976525875,0.005272022113516081
2025-05-02,0.34516300913114134,0.1399572027650272,0.010158197262393365
2025-05-05,0.17460288256350284,-0.050721614580398054,-0.004897315476724063
2025-05-06,-0.12706478565800755,-0.07119392799820239,-0.0016019034465607782
2025-05-07,-0.23174081285551906,0.05276294504029278,0.015246599638825496
2025-05-08,0.46579563347545805,0.12027345626688252,0.010871874019453236
2025-05-09,-0.003274127027663601,-0.025056275297197773,0.013147906335952557
2025-05-12,0.3309448291878456,0.12127303415616554,0.010865511985245003
2025-05-13,0.23672107724015595,-0.035636133273223077,-0.06160232025057542
2025-05-14,0.17458684726292,0.019968746620263204,0.008631972021459629
2025-05-15,-0.39675416941510294,-0.07462914202836227,0.002313128172820673
2025-05-16,-0.09443349542141578,0.05736658906892991,-0.029306691209816958
2025-05-19,0.12451291460431521,-0.06512197794887871,-0.002775514022602287
2025-05-20,0.1652967770353859,-0.0929180123725949,-0.01353951195848678
2025-05-21,0.5682130023507836,-0.11609204405276312,-0.01019223696953934
2025-05-22,-0.16618371764374287,0.006366389666042036,-0.014921189004873126
2025-05-23,-0.10809336368952221,0.001997727573811157,0.013564289446277253
2025-05-27,-0.4726391519913379,0.10943474325152751,-0.022011278221426154
2025-05-28,0.16923070768581538,0.01906850839842547,0.0009196043139092779
2025-05-29,-0.2818373829951419,-0.011385118459864084,0.026023843733537336
2025-05-30,-0.05535262126250388,-0.07492719912059241,0.017971379063891835
2025-06-02,0.2974311870985678,-0.0682849890493247,-0.01673634925451565
2025-06-03,-0.0020173092937402813,0.05101977476758942,0.002391285259649729
2025-06-04,-0.5529304238653568,0.01417555810731752,0.03154777238360931
2025-06-05,0.06229196220419135,0.14139450999114903,0.00840283938889372
2025-06-06,0.5263175994220841,0.08569431012846582,0.006788938854409318
2025-06-09,-0.10927945515546993,-0.04757950958600691,0.01336023071188344
2025-06-10,-0.11910829922232148,0.0391667279706837,-0.0003765384035337043
2025-06-11,-0.21670759825563982,-0.10321116413917439,0.025613752833707655
2025-06-12,-0.37072928360407503,0.0649343054969642,0.010685385186109326
2025-06-13,0.35130545397100077,-0.052674975024154726,-0.03451142795367217
2025-06-16,0.23054716844355902,-0.05855675987465928,-0.013500997581333113
2025-06-17,-0.3941716245512035,0.08001400477325063,0.0031109919992101955
2025-06-18,-0.014668779380646885,-0.0054399603815551935,0.0012613057104198684
2025-06-20,-0.006375338601718509,-0.07555202864602777,0.007657378025086949
2025-06-23,-0.19301249568588583,-0.08592876906004257,0.01125897196587412
2025-06-24,-0.2208910421657506,-0.0032461760024364325,-0.011189247707598493
2025-06-25,-0.026534486162096867,-0.02869563816320202,-0.009663976909823171
2025-06-26,-0.1477379831932348,-0.06547627779053704,-0.0016721083980642596
2025-06-27,0.17291682376004489,0.003345459897214011,-0.0025782616552215694
2025-06-30,-0.35346005678557463,0.07097386291894242,0.024119698341936308
2025-07-01,0.04581811597528371,0.13168090362974527,0.009603479867590574
2025-07-02,0.22930686969383451,-0.054284396167111094,-0.0147913018633085
2025-07-03,0.2409851313267771,0.10058312959264636,0.017140329758361567
2025-07-07,0.2741726270989465,-0.10685589310137389,-0.02915282253761538
2025-07-08,0.09560425257910171,0.0095853148619698,0.01569276763888373
2025-07-09,-0.4062872191376842,0.021543467240727445,0.006651892506559765
2025-07-10,-0.016692035552225842,0.052222922172058116,0.0024002208375065387
2025-07-11,0.4722580302116351,-0.1167945939373373,-0.014493614943266444
2025-07-14,0.0036826904580028177,-0.03023491943235501,-0.0002488994804311145
2025-07-15,0.29180103034667715,0.04180427729609921,-0.013787139584403939
2025-07-16,-0.11354298166850166,-0.13255664160011427,-0.009977422680483884
2025-07-17,0.02209126144516578,0.058390711430868575,-0.01015320781597509
2025-07-18,-0.1422551018322002,-0.06851104000495056,0.010357436365999449
2025-07-21,-0.32723430873603426,0.051573242912548806,0.0066672350913344405
2025-07-22,-0.19076360068737822,0.017432436826546455,-0.017403535147417874
2025-07-23,0.23563511403965534,0.03099850356690118,0.0288770659481473
2025-07-24,0.07968564438448751,0.0645210448628163,-0.005165431261825107
2025-07-25,-0.17689454913216324,0.031387499593596,-0.0046508618544435195
2025-07-28,0.16279326231945118,-0.04419831524663673,0.015251916933133637
2025-07-29,-0.503395716352321,0.09294625851886804,0.008285047431556055
2025-07-30,0.20872604335157155,0.07696207222906447,-0.007742291782172861
2025-07-31,-0.05214661801601737,0.016709037592526232,0.014496320149929916
2025-08-01,-0.6428029320974115,-0.29683440672306016,0.02988142455710163
2025-08-04,-0.08132359220298103,-0.0245522270057003,-0.008503306210902829
2025-08-05,-0.05220175989557716,0.10968306127885208,-0.024070256477065604
2025-08-06,0.1253783388064545,-0.09883829430476798,-0.0073135357033009265
2025-08-07,0.05306157358584995,0.050759277539628556,0.014412057987675883
2025-08-08,0.19816880915791404,-0.01023028356952437,0.019489476666470273
2025-08-11,-0.06407916899276687,0.019906901564374125,0.007110369133931655
2025-08-12,0.14231186242198357,-0.11954299854181391,-0.00993555450246197
2025-08-13,-0.31088358010483863,0.006816892422101167,-0.004348448035890097
2025-08-14,0.2726520884079247,0.004864611924560971,-0.028316236887577118
2025-08-15,0.22626695778276162,-0.039752457737453756,-0.026214003793844455
2025-08-18,0.05551461269600807,-0.011197914702686574,-0.01369325686586532
2025-08-19,-0.19974090745593245,0.03134222048987868,-0.014158783457406196
2025-08-20,-0.07414700023038014,-0.014978153606411056,0.0044984377492501715
2025-08-21,0.19180625116826433,0.04599530016357928,0.009278616064076336
2025-08-22,-0.33678431821917043,-0.12424112650169522,0.01649756398453846
2025-08-25,0.09667379653637687,0.052690774244805484,-0.026509915502525856
2025-08-26,-0.038037838733961875,-0.14519433169390855,0.0034404083329178437
2025-08-27,-0.013630054133540547,-0.08653599408936404,-0.010164374156257127
2025-08-28,-0.17861655418994174,0.08760039178298158,-0.012583339932716974
2025-08-29,0.13008318737211882,-0.1250214698647182,0.0108239850747098
2025-09-02,0.2934285444243891,-0.026365007809678275,-0.02448237794729233
2025-09-03,-0.39235459282047497,0.07641681593487475,-0.00034520179277428833
2025-09-04,-0.22812097828601705,-0.0034965562538172594,-0.013900876800926085
2025-09-05,-0.4678125521785213,0.051645119618303925,0.026641600153909338
2025-09-08,-0.3582292946020977,0.16610653933130864,0.015609665536299423
2025-09-09,0.13172476056406154,0.019840732406047508,-0.017940057340196443
2025-09-10,-0.162865245117164,0.04040727735151823,0.011223702801243143
2025-09-11,-0.17833149832436201,0.0712170624596782,0.0023503852468682827
2025-09-12,0.1957745956009256,0.02170150333786361,0.018417554203795334
2025-09-15,-0.1138158569927199,-0.009716019673612497,0.022175616434152175
2025-09-16,-0.07594238636242218,-0.008712277730293736,-0.0006303693332742644
2025-09-17,0.07640087556223125,0.040834223959160344,0.029454025210417196
2025-09-18,0.3119520608529571,-0.06209208132973557,-0.021104624554823086
2025-09-19,0.1185338844187018,-0.02098219328207028,-0.0023215749262774843
2025-09-22,0.07922479096423195,0.004928082612152115,-0.03386213604336443
2025-09-23,-0.180593370936284,0.03257635639553552,0.002478319488615647
2025-09-24,0.15232807947160593,0.02249004151711425,0.023440982314209585
2025-09-25,0.03844582087595741,0.13360839912127775,-0.015368269315743269
2025-09-26,0.07951850525259539,-0.02828449498837688,0.015579145292481347
2025-09-29,-0.28837504792588303,0.07975804662815196,0.012593914198883307
2025-09-30,0.06795085907631652,-0.08584217146670127,0.03388759287798672
2025-10-01,-0.1466338191612538,-0.09779831402211828,0.008185201674978005
2025-10-02,-0.12753213031648317,0.03972293502166467,0.0039214209323460356
2025-10-03,0.13548842441659448,0.041296244563086004,0.007882950547270284
2025-10-06,0.24058677413985605,-0.03848417603692015,-0.009441354141623429
2025-10-07,-0.21089122040925615,0.00870901871687076,-0.01452963504053114
2025-10-08,-0.007719820551807554,0.04296989849836341,0.012578493186901655
2025-10-09,0.024447983719143335,0.017562473864325887,0.004682254567418137
2025-10-10,-0.5247550065008814,0.03860112633912183,0.013334711449874043
2025-10-14,-0.11708754969239774,-0.07708463030354223,-0.009314245522764577
2025-10-15,0.10633944103668619,0.022634995745836776,-0.017435346888083195
2025-10-16,-0.3548666207543382,-0.04879775136402355,0.00923005811704747
2025-10-17,0.14336256408584114,0.04427611143744587,0.006624679579546368
2025-10-20,-0.1154366342732497,0.04383745480220714,-0.011081850843104254
2025-10-21,-0.1609504345796977,0.033061025886201835,0.004130482233442174
2025-10-22,-0.030143053677256053,0.0012598501410366783,0.01710975756094015
2025-10-23,0.21056623032152,0.016258517805713257,-0.002674645197065832
2025-10-24,0.028959382783775713,-0.01816448251619151,-0.019522220745468322
2025-10-27,-0.07555532887056612,0.07600279900702815,0.002622828420815557
2025-10-28,-0.10105167661598506,0.030334204921679986,-0.0009759679928360712
2025-10-29,0.3681160664614632,0.10852738932681998,-0.012839073460104322
2025-10-30,0.1986657607786249,-0.06644111256304996,-0.0034912487232044097
2025-10-31,0.044884557867948656,-0.06520824604686064,-0.0066045067471624
2025-11-03,0.09431947185414517,-0.0442176909704916,0.0008747873509795467
2025-11-04,-0.13644057763498726,-0.0011319695669161434,-0.005227538744393727
2025-11-05,0.3683283239288973,-0.012821576322420725,-0.022440983266805162
2025-11-06,-0.32313234112377326,-0.047710831592833056,0.005932986220448294
2025-11-07,0.02293877867029906,-0.04734346999822529,-0.014386972777576779
2025-11-10,0.08017930916974446,0.05787821216580744,-0.011233183087687693
2025-11-12,-0.23642039567376694,0.014823796826535828,0.013712420476518019
2025-11-13,0.2015235415940885,-0.02091885701907745,0.020579965145346997
2025-11-14,0.20530379786852704,-0.0352763913804438,-0.017684182581866343
2025-11-17,-0.09942700663672611,0.016287721813179026,-0.00591813513178449
2025-11-18,-0.005403177985843134,-0.09311190482083867,0.005600562881464414
2025-11-19,0.03752775756535851,0.006965203700590768,0.018149271246840182
2025-11-20,-0.14773957571858518,-0.020997507935008815,0.00694000443443138
2025-11-21,-0.14013814996875243,-0.08644832251445043,-0.02765229870609437
2025-11-24,-0.16739265477688256,0.05806042386497053,0.014974636259751924
2025-11-25,-0.11108968174749977,-0.04627506836214777,-0.009014752728249425
2025-11-26,-0.09969634139352453,0.08583957770624548,-0.006862504271264366
2025-11-28,0.13371060412031416,-0.0009026675147896204,-0.004261441052059498
2025-12-01,0.39129025927801797,-0.04737196306367309,-0.01439239042468114
2025-12-02,-0.036839387013510916,-0.034973956312060316,0.02046623539684472
2025-12-03,-0.12318118095099945,-0.04283775099784609,0.0024385447098061184
2025-12-04,0.22469069964920946,0.0312667369331729,0.015908620967815156
2025-12-05,0.1498849979555453,0.012030719342841745,-0.07444005346822113
2025-12-08,0.135360230399623,0.023869979254242068,-0.0022440130658108685
2025-12-09,-0.0052414718647777175,0.08146038087713983,-0.012432937148659196
2025-12-10,-0.15473185879193346,-0.09672613753670715,0.1444077806329198
2025-12-11,-0.01275669399476094,-0.028250218102171463,-0.10545411218389658
2025-12-12,0.3135394515382176,-0.10959995671446046,0.017757801753584608
2025-12-15,-0.08587910761349166,-0.02900011744454598,0.04077154747858118
2025-12-16,-0.18564127374819644,-0.012198230025461719,0.022321374675110885
2025-12-17,0.04934232200153231,-0.0009817788065186839,-0.018494396644318782
2025-12-18,-0.18588503138818063,-0.0001059346313713282,-0.01786519442283508
2025-12-19,0.15073301486566476,0.001711634976781275,-0.016072145083918684
2025-12-22,0.060555696478684314,0.02415157544256873,-0.015729764423101544
2025-12-23,-0.034134595891926967,0.09326550024403431,-0.0318429871537406
2025-12-24,-0.1512866575309799,0.055589662916956294,0.0050289401217431355
2025-12-26,0.027467378668100055,-0.14006985670405087,0.05768903830992333
2025-12-29,-0.10855640889651874,-0.015367791628939894,0.023455998445117726
2025-12-30,0.02916727830449209,-0.020783234711344287,0.05066808008103751
2025-12-31,0.20337378142586043,0.004221092676781343,0.04504877530700912
2026-01-02,0.10554112636624649,-0.0278587806097451,-0.04175834918899275
2026-01-05,-0.11749213686493684,-0.02671924058181018,0.0034845384908623817
2026-01-06,0.057370819501549326,-0.0013740702988321995,-0.006192959039462947
2026-01-07,-0.23187426316519008,0.07570523581564462,-0.005216993768034535
2026-01-08,0.20478315000682604,-0.01742976532222402,0.05875439151951868
2026-01-09,-0.1456652911380284,0.17381114885784565,-0.05990817074818986
2026-01-12,0.07495652782751934,-0.03039468391747612,0.028362767950314678
2026-01-13,-0.060533704475051985,-0.022694181905431005,0.023958729221830087
2026-01-14,-0.20514312601982393,0.052357814379861776,-0.026829509420419968
2026-01-15,0.05774636377328731,0.12680391609664793,-0.009860292748590321
2026-01-16,0.2525318946357318,0.017394149540141637,-0.009714633349910821
2026-01-20,0.3958421036996347,-0.14337641563154158,0.017355326227362546
2026-01-21,-0.21282414227942986,0.05326647678937537,-0.009970248043091585
2026-01-22,-0.10407031888165244,0.1073239309064692,0.03479473934792663
2026-01-23,-0.08930751447916387,0.011015195918170222,0.018101746745411058
2026-01-26,-0.1376927333140446,0.02994940008052011,0.01968769971876685
2026-01-27,0.13477781519191334,-0.09798722859142897,0.011335435653807104
2026-01-28,0.11886665338615254,-0.0062448965743364514,-0.008776271362834565
2026-01-29,-0.0920548357108954,-0.05951321719129347,-0.025606374815278946
2026-01-30,0.06232997145144888,-0.08601906047755141,0.024218468039157334
2026-02-02,0.16635309441680185,0.017731519804746954,-0.015742519953394273
2026-02-03,-0.028142975795684214,0.009798923512934838,0.0034592123500215262
2026-02-04,0.06177381972978133,-0.03500820615690859,0.03003787350259325
2026-02-05,-0.39852851064872813,-0.05603032627630819,-0.04846191117517557
2026-02-06,0.008012271155600133,0.0483964058110302,-0.009080442111394884
2026-02-09,-0.03675397502886018,-0.0067943731555867295,-0.010693811615726367
2026-02-10,-0.34349080254721115,0.06335417123063332,0.00019588063403193167
2026-02-11,0.18706824934796856,0.039349111095447184,-0.008365811757763403
2026-02-12,-0.4686537101388902,0.06901762484804165,-0.017551162262681684
2026-02-13,-0.22136862957943695,-0.07723795285489904,0.0032641904306142024
2026-02-17,-0.03861040044624727,0.09803533838949233,-0.014691034377938032
2026-02-18,0.15655869022068125,-0.003051008403585701,-0.0024112279600607797
2026-02-19,-0.05362818043333234,0.014263101618259593,-0.008993289237994076
2026-02-20,0.06799946450074283,-0.025424277074557685,-0.023105381894801134
2026-02-23,-0.19550756611201817,-0.08078585805420374,0.001516988174778277
2026-02-24,0.004569648720747755,0.05891159216303298,-0.008257030439213995
2026-02-25,0.002048825450028685,0.05082340263311192,-0.008270728216972894
2026-02-26,-0.17459070087778852,-0.005799939439859028,0.001791151771554123
2026-02-27,-0.21258115191745555,-0.06737253084849239,0.008163004348160138
2026-03-02,0.3830594534008754,0.0768488376986701,-0.031252615410912475
2026-03-03,0.03674306545351415,0.03119387073345922,-0.0067822039765319305
2026-03-04,0.11448206986769249,0.050871739431076465,-0.009781547511567816
2026-03-05,0.1708461748171191,0.04676176952701373,-0.05137532575011951
2026-03-06,0.10743616694109183,-0.06141067202710582,-0.028082672260128595
2026-03-09,-0.18660759732289364,0.0734976936125928,0.006178422337651808
2026-03-10,0.199447548136834,-0.07059260732666386,-0.011598518262842701
2026-03-11,0.42193231088180844,-0.08581819871221379,0.0111532537715538
2026-03-12,0.2585229125799142,0.16400069770679193,0.0661547468075829
2026-03-13,0.09056005722407039,-0.07816387785580228,-0.037819040593682095
2026-03-16,-0.31613418247219244,-0.020229223911393503,-0.02462535549663205
2026-03-17,-0.0939212896176351,-0.00873397045618408,0.014777199344316727
2026-03-18,0.2573634341975823,0.10586655761296491,0.0463989671337713
2026-03-19,-0.1271020411445782,0.17856710469888373,-0.00661273611209758
2026-03-20,0.7765289290557017,-0.032058419554056146,-0.016070062133246146
2026-03-23,-0.27870032661337324,-0.013259931711452835,-0.017669422955393577
2026-03-24,0.18028239814442568,0.11678700210056457,0.05737614822382761
2026-03-25,-0.3105143725099149,-0.02127487294735583,0.016049544406821523
2026-03-26,0.3622325288979759,0.1727105913130029,0.060815395608596896
2026-03-27,0.11985645439783538,-0.199292633653932,-0.07259514702028433
2026-03-30,-0.474920804795263,-0.02833153808181239,-0.02141950193944253
2026-03-31,-0.2109576656185286,-0.03499959617135164,0.005722548190163143
2026-04-01,0.1850599123083938,-0.011717439238751647,0.027992188509214467
2026-04-02,-0.17531242979016196,0.03760754813551854,-0.016540097749543407
2026-04-03,0.2008633535335964,0.04684643214960603,0.012286203051435983
2026-04-06,-0.12893231348710174,0.050710857790080104,0.022085019013590782
2026-04-07,0.009222197148632824,-0.10195815658900047,-0.03001349437199995
2026-04-08,-0.15714798798251403,-0.022112549960831777,-0.0035953051499355983
2026-04-09,0.028060030669271773,-0.04839290659810476,-0.0023958318838728132
2026-04-10,0.08289323803091053,0.030984511367598513,-0.0022327463705614802
2026-04-13,-0.10430482291657982,-0.013695394689575858,-0.01050767921434804
2026-04-14,-0.21172675197342225,-0.020401469055962632,-0.004248239872680153
2026-04-15,0.12357636131576825,-0.007793355540878067,0.013073183672063744
2026-04-16,0.17466988361809727,-0.05643802603955595,0.001839456902910979
2026-04-17,-0.309787471621521,-0.039773816947199454,-0.0380786491538003
2026-04-20,-0.019620797143550656,0.036219991541852334,0.017354918652873114
2026-04-21,0.14966407160768125,0.0800808671005266,0.035702626147098605
2026-04-22,0.03130971908803024,0.012389188039014915,0.012028522227455634
2026-04-23,0.15215320181963513,0.034210969161383914,0.02356029906770448
2026-04-24,-0.14650903872913995,-0.05286292820007494,-0.039345854222162004
2026-04-27,0.18171565964766762,-0.014045056216096191,0.018216689712775666
2026-04-28,0.04593100034962768,0.07586890356311617,0.030114171040000536
2026-04-29,0.2849357809863716,0.06701142176203337,0.045454286733979055
2026-04-30,-0.061501505350917945,-0.10181458419663135,-0.019107300365360593
2026-05-01,-0.06492325962822791,0.04843044103400923,0.010042722237483103
2026-05-04,0.3099284419705072,0.02317180842425111,0.029817838921506586
2026-05-05,-0.17271037962336389,0.05529879571151576,0.012283942859207147
2026-05-06,-0.3341883807515653,-0.05352380149098258,-0.02305823156463952
2026-05-07,0.2121891505694917,0.022766944675621032,0.03573855453686353
2026-05-08,-0.16087760102056162,0.010359192620911613,-0.006039476982345854
2026-05-11,0.21628740592758985,0.03086137272368333,0.028536903486335745
2026-05-12,0.2644238302935045,0.00921724131290563,0.021016070625736193
2026-05-13,0.02138109147123755,-0.04887748897203421,-0.0018207712221157126
2026-05-14,-0.060631383771059415,0.08241602259966171,0.025305062781732276
2026-05-15,0.6300578208195213,0.01959297511249497,0.016840880638658833
2026-05-18,0.029932765341260038,-0.006577994811443313,-0.010910802992274767
2026-05-19,0.26332299494467,0.03181537093320991,0.023148102809271726
2026-05-20,-0.4399008625909338,-0.06368117859542352,-0.031784587065560484
2026-05-21,-0.04385327535659849,0.10289007697789353,0.017453362197329757
2026-05-22,-0.09206500835928666,0.14133190125105016,0.03361123736504136
2026-05-26,-0.2868463766360815,-0.09335469858942863,-0.03460785907788577
2026-05-27,-0.10135382378983614,0.015884972394147528,-0.004257277153384547
2026-05-28,-0.15690998101428486,0.031124217430258946,0.005485839768245039
2026-05-29,-0.01922800895264693,-0.040455587064510724,-0.015778615898626665
2026-06-01,0.06145512282349739,0.09165988331466389,0.026951138504505825
2026-06-02,-0.11592054121592962,0.04071595728390759,0.008986202571974708
2026-06-03,0.16353518987691346,0.030537379052489842,0.01451018563170642
2026-06-04,-0.11475660812459773,-0.026132806643362975,-0.03006317962482292
2026-06-05,0.30115186191027793,0.17056865860700604,0.04510087908052637
2026-06-08,0.07390478235179121,-0.05893306095822029,-0.006004351088796968
2026-06-09,-0.1471405531445836,-0.009900667326945629,-0.01174601508857878
2026-06-10,0.09318820228046584,-0.02699029654868661,-0.004883205751941112
2026-06-11,-0.47637867774546266,-0.006432418298938546,-0.03130136973601158
2026-06-12,0.13398033484609057,0.02184298504089632,0.017280277025642887
2026-06-15,-0.0716692910120363,-0.049610175825439314,-0.0015590588650019248
2026-06-16,-0.23752173683813071,0.049626412982968986,-0.007027261053774091
2026-06-17,0.22420223607741194,0.2840987668934449,0.04544037899289087
2026-06-18,-0.19389806918350388,-0.0025813201737477087,-0.0059815475955679225
2026-06-22,0.2585493427525581,0.04007255965122006,0.002857626896921855
2026-06-23,-0.06568056809852169,-0.04745864910603354,-0.013880000907758693
2026-06-24,-0.47030267165292017,0.025648275941716044,-0.02784604275442832
2026-06-25,-0.04642482184703527,-0.0506754251011837,-0.026969182219540887
2026-06-26,-0.040216254669396594,-0.08335506304600294,-0.01212172447417308
2026-06-29,-0.02113696829853528,0.04647900299095494,0.007986833360684424
2026-06-30,0.3068922815801809,-0.026706930595329914,0.009466131844379728
2026-07-01,0.25870018090672087,-0.03073864534821977,0.026766411901207734
2026-07-02,0.061141015196254554,-0.0675904388307976,-0.03699987595513216
2026-07-06,-0.03735275920623232,-0.06133472369555976,-0.0004983388380976655
2026-07-07,0.32814627943792674,0.013678134315896958,0.025284331888580258
2026-07-08,0.10696230869747515,0.022003129565847223,-0.00158753214414556
2026-07-09,-0.09759986040861506,-0.06298348936503327,-0.015089821905997069
2026-07-10,0.0950693401121035,0.05854787269241816,0.016706428632813932
2026-07-13,0.22227307780393388,0.06593193855002935,0.02152131872758587
2026-07-14,-0.17354366971844204,-0.10580798651540692,-0.013775716976000581
2026-07-15,-0.12588293867384567,-0.10867932695696222,-0.013933444862186664
2026-07-16,0.09332935818507652,0.019818864542029073,0.00689157592244263
2026-07-17,-0.11473623810843432,0.0747626413817405,0.01625692347258523
2026-07-20,0.2357599926694214,-0.01025517532898323,0.008399689506227
2026-07-21,0.15394668418406993,0.06595727756678128,0.017117295016253066
2026-07-22,0.16086161260046797,0.050525958101503926,0.001990806566212762
2026-07-23,0.15354235910846745,0.06936126687995596,-0.004119271184363334
2026-07-24,-0.10346273684926731,-0.0354162339234205,-0.012682126192453057
2026-07-27,-0.18777223623902983,0.03956291248029098,0.00953918602792234
2026-07-28,-0.21204445866335522,-0.029494362379248722,-0.018526963837608018
2026-07-29,0.44975889658416535,-0.26942705229639835,-0.013808709569314627
2026-07-30,0.029674017834886518,-0.0013060973287013897,0.015917210207744392
2026-07-31,0.34185656935956354,-0.006025203635436907,0.0034009223857538835
2026-08-03,-0.25385752702486675,-0.001375389719208172,0.010878864783179143
2026-08-04,-0.30516066339839515,-0.04231761105165464,-0.015298833945839602
2026-08-05,-0.0479163741626851,0.018867373818159696,-0.009184442792858065
2026-08-06,0.2536208498135569,0.04439773646714348,0.04532264654969237
2026-08-07,-0.1619532680072217,-0.06178760825264307,-0.045863172618311944
2026-08-10,0.30214701229968627,0.010102130528369765,0.026543810560296394
2026-08-11,-0.06671817600816322,-0.023667876756017923,-0.007007097941946673
2026-08-12,-0.029737175231832547,-0.058051447204089605,-0.002202979067049357
2026-08-13,-0.24037970752283316,-0.045103413247188175,-0.011543211567003813
2026-08-14,0.24661018022302783,-0.02457272737748549,0.018899652186661165
2026-08-17,0.21870486375220993,-0.08853654719914773,-0.009772570837784161
2026-08-18,-0.11784172155113834,0.048396346728433924,0.01760605882277902
2026-08-19,-0.45316982326475175,0.1991460808050474,0.033197530729968734
2026-08-20,0.18015306085799984,-0.013582265172418628,0.0023461864940096926
2026-08-21,0.23200277661821075,0.001774634318702406,0.01439269354130191
2026-08-24,-0.21513981280459868,0.09434748221279222,0.007648462791578976
2026-08-25,-0.3333273898123887,0.01064269948847141,-0.0296421707010637
2026-08-26,0.08659428611074478,0.04374660066329938,0.008889416978933598
2026-08-27,0.049840081505803435,0.010807955710493224,0.006167240742600424
2026-08-28,0.22019268549462864,0.18511080746113537,0.05404891674625469
2026-08-31,0.13440773165273612,-0.06706579213033495,-0.01247379457727437
2026-09-01,0.1599502829657539,0.07972163008734688,0.024141787616029167
2026-09-02,0.00845800923052551,-0.0908257599891744,0.15419693111805555
2026-09-03,-0.15158687744837426,-0.04605465243346755,-0.1381724244241191
2026-09-04,0.010936039477545447,0.10214953209062777,0.10285422098645382
2026-09-08,0.06468502193836626,0.02375197106452757,-0.1084362940166008
2026-09-09,0.07455290268590706,0.11219567376794934,-0.2281470770222895
2026-09-10,0.572615250441192,0.1115214369888337,-0.025913643134656102
2026-09-11,-0.007890685052256673,0.15343375069006726,-0.0005427953177006475
