date,p0_filt,p1_filt,p2_filt,p0_smooth,p1_smooth,p2_smooth
2024-01-03,2.4298615365926876e-28,1.0,5.947883226883877e-22,4.9707240808170064e-29,1.0,4.057028596463108e-22
2024-01-04,0.007528425589160898,0.9409374721467942,0.051534102264044784,0.0015001803696367284,0.968676505008214,0.029823314622158797
2024-01-05,0.009090570863210246,0.9432631248987197,0.047646304238070133,0.0016904279035298679,0.9756536666143742,0.022655905482117912
2024-01-08,0.006069084255289475,0.9840171906825452,0.009913725062165325,0.0011354301779658376,0.9935434885160795,0.005321081306153331
2024-01-09,0.007852688825692422,0.9791803134607057,0.012966997713601871,0.001169392749830295,0.9856101430604779,0.013220464189746532
2024-01-10,0.00462421452552806,0.9850192895829951,0.010356495891476983,0.00019638951190225262,0.923199448896674,0.0766041615916122
2024-01-11,0.05538187855089943,0.4764249916590511,0.46819312979004957,0.0004651219659324992,0.1067279031393956,0.8928069748945637
2024-01-12,0.012120209486333557,0.029682252288509802,0.9581975382251567,0.00046070966423903195,0.006354670219643492,0.9931846201160588
2024-01-16,0.029689830953439515,0.14525854918382253,0.8250516198627379,0.0022495549148710318,0.044677425116001056,0.9530730199689944
2024-01-17,0.015873263133747425,0.06280137650284622,0.9213253603634064,0.005261309323501668,0.09287775886518221,0.9018609318113868
2024-01-18,0.029389756596554878,0.5380448569121772,0.43256538649126797,0.012174521190623396,0.6563835774214369,0.33144190138799784
2024-01-19,0.08961642254358648,0.7027742490213874,0.20760932843502602,0.020093634226145005,0.8623450823075973,0.11756128346604627
2024-01-22,0.024465832584111266,0.9534116190256827,0.02212254839020602,0.004952326094929337,0.9827311353083437,0.01231653859678713
2024-01-23,0.012219451484375895,0.9567903281048817,0.030990220410742328,0.002474671565283156,0.9819869291078701,0.01553839932688431
2024-01-24,0.010213889651165455,0.9720192702757547,0.01776684007307983,0.0019309439736670613,0.9892266463475293,0.008842409678685966
2024-01-25,0.007051402605581709,0.9770481262124444,0.01590047118197397,0.0013344531009063913,0.9904179470588352,0.008247599840167931
2024-01-26,0.00652859218670902,0.9789479852245964,0.014523422588694502,0.0012609570585772488,0.987579403012243,0.011159639929230273
2024-01-29,0.009623117725503902,0.9716674588139648,0.018709423460531303,0.0015351994394752204,0.9544614783556864,0.04400332220492902
2024-01-30,0.016849317132968472,0.8971647172755537,0.08598596559147773,0.0015578251172511535,0.7382221062162657,0.26022006866634506
2024-01-31,0.025001178290238905,0.8609425693410152,0.11405625236874593,0.0005514409076585295,0.47334490383502653,0.5261036552574466
2024-02-01,0.1467670655157875,0.17413051467484605,0.6791024198093665,0.0006045841818195258,0.028111701195791806,0.9712837146224576
2024-02-02,0.002665906918297415,5.16947180580962e-05,0.9972823983636444,0.00041350479979159214,3.609432952826917e-05,0.9995504008708098
2024-02-05,0.018138465149243672,0.15428819757228113,0.8275733372784753,0.006108174252942887,0.2606654650801372,0.733226360667016
2024-02-06,0.040402288421228866,0.7041121756937981,0.25548553588497297,0.008581514979858958,0.849412724589347,0.14200576043100524
2024-02-07,0.01299694972812614,0.9606950950407392,0.026307955231134612,0.002505773245157072,0.9834261531638248,0.014068073591102506
2024-02-08,0.00890028689202795,0.9644012864686682,0.026698426639304,0.0015921628736782136,0.9848477294556252,0.013560107670714779
2024-02-09,0.0058775554662940455,0.9828077698641543,0.011314674669551626,0.0009210744423444829,0.9889369776816478,0.010141947875903515
2024-02-12,0.004967479954593405,0.9878092265216912,0.007223293523715421,0.0003771009675521325,0.9396513237468566,0.0599715752854329
2024-02-13,0.002817946288659806,0.010417506997356605,0.9867645467139835,0.001931136176413744,0.014313407407663048,0.9837554564159425
2024-02-14,0.04330702043835805,0.44250776732852926,0.5141852122331126,0.04846328651904274,0.5673371601973395,0.38419955328380084
2024-02-15,0.07367232317168829,0.8675089503666507,0.05881872646166107,0.09808912940690008,0.8303236685340759,0.07158720205924352
2024-02-16,0.22845428498616588,0.6098940172683903,0.16165169774544383,0.12301421368095389,0.7608365916450411,0.11614919467409253
2024-02-20,0.06457222483616094,0.8845244001661138,0.050903374997725286,0.09188079343354515,0.8700419079200121,0.03807729864665816
2024-02-21,0.015481893614163283,0.9657802486761011,0.018737857709735507,0.11908946741377682,0.8463889288489534,0.03452160373716019
2024-02-22,0.018007915900087462,0.9299676495700384,0.05202443452987408,0.3252160290440171,0.5664171257216266,0.10836684523422274
2024-02-23,0.9586699300019004,0.02223802783428965,0.019092042163809945,0.8593913848302837,0.09880624565069356,0.04180236951879775
2024-02-26,0.5927938679570837,0.4001372474803889,0.007068884562527423,0.21776736321098866,0.7754566678546495,0.006775968934340427
2024-02-27,0.17141960357799654,0.8167701663895406,0.011810230032462923,0.045408639416538,0.9474766438000898,0.007114716783556773
2024-02-28,0.07787864272771232,0.9012596688784342,0.020861688393853432,0.017584324376964396,0.971360006648037,0.01105566897522182
2024-02-29,0.019319860201136855,0.9717278622761439,0.008952277522719198,0.006563259038071053,0.9849472491439446,0.008489491818170568
2024-03-01,0.019863293406141833,0.8960797810577498,0.08405692553610847,0.00891565772998944,0.9287797260626105,0.06230461620721831
2024-03-04,0.032300651317806996,0.9157561006361311,0.051943248046061846,0.01536571686557729,0.9312633264727335,0.05337095666170699
2024-03-05,0.08389437990722742,0.7601289434580196,0.15597667663475281,0.02041487727716919,0.8872634577081159,0.0923216650148085
2024-03-06,0.032428291868812506,0.93335377789037,0.03421793024081748,0.008067796641846522,0.969222250507277,0.02270995285104689
2024-03-07,0.028551606783245982,0.9098449018698206,0.06160349134693348,0.005726584591612344,0.9629572550807578,0.0313161603276042
2024-03-08,0.01177658517639647,0.9700276422704952,0.01819577255310834,0.002387454171218874,0.9882053962756092,0.009407149553166927
2024-03-11,0.00978159754668078,0.9706469674694528,0.019571434983866393,0.0019321326751910752,0.987439560597643,0.010628306727119676
2024-03-12,0.00796290220074588,0.963375556787135,0.02866154101211913,0.0016711668236381633,0.9839107767140447,0.01441805646209307
2024-03-13,0.005003883432592341,0.9839258774552324,0.011070239112175301,0.0020217147400670636,0.988794239333237,0.009184045926888434
2024-03-14,0.00832990174379039,0.9235226539368566,0.06814744431935302,0.008279119389875208,0.9430522879578562,0.048668592652352016
2024-03-15,0.04565813892783162,0.9080396900518747,0.046302171020293756,0.03328132037590824,0.9294025577192441,0.03731612190467876
2024-03-18,0.015761306803746326,0.9674040617844745,0.016834631411779176,0.0430686662752282,0.9069279037702105,0.05000342995462634
2024-03-19,0.1299298993915987,0.7410576535574368,0.12901244705096446,0.11324447001361358,0.5768501243152293,0.30990540567110014
2024-03-20,0.3227285578653086,0.2061129555518228,0.47115848658286863,0.12796286758461267,0.42445442550753,0.44758270690796703
2024-03-21,0.13396597695538126,0.8059571687725381,0.06007685427208073,0.03179581124410354,0.9336743784272847,0.034529810328685816
2024-03-22,0.05209286562150529,0.9233089856766923,0.02459814870180248,0.010111125340735045,0.977750923981013,0.012137950678168441
2024-03-25,0.011856812321225702,0.9766659045571267,0.011477283121647601,0.0026748768139987773,0.9919178813670925,0.005407241818953834
2024-03-26,0.008467692817119378,0.9832680819833789,0.00826422519950171,0.002790145813397574,0.9930234370204953,0.004186417165915698
2024-03-27,0.015681381791602417,0.9757300499338157,0.008588568274581902,0.0062545748005982515,0.9860541884730009,0.007691236726304853
2024-03-28,0.042948068654223404,0.9223063318972037,0.03474559944857298,0.010709342465656146,0.9340020586790133,0.0552885988554447
2024-04-01,0.02879049205345621,0.7112656585681102,0.2599438493784337,0.00810853568463554,0.8241002706595191,0.16779119365606393
2024-04-02,0.02512889847704311,0.8912676170497987,0.08360348447315818,0.007914305700666256,0.940939453620333,0.05114624067904957
2024-04-03,0.04060126131570755,0.9061718762520626,0.05322686243222988,0.008953833759446361,0.9622397970581064,0.028806369182426197
2024-04-04,0.012516950770073098,0.9769778003907239,0.010505248839203035,0.004234953613957685,0.9820215969186881,0.01374344946752996
2024-04-05,0.03313434809331285,0.8736353897463239,0.09323026216036326,0.007879233791133295,0.8826563125574467,0.10946445365123465
2024-04-08,0.031148291105690302,0.9211435565120037,0.047708152382305906,0.006314536157337908,0.8454049036317125,0.14828056021087893
2024-04-09,0.06087178794248579,0.8641269827648523,0.07500122929266194,0.0064941447028473405,0.5620539212407148,0.43145193405632754
2024-04-10,0.0009100945948989095,2.6466017335410448e-05,0.9990634393877657,0.008901396835405853,6.920890143726572e-06,0.9910916822745286
2024-04-11,0.8128812891525188,0.0025447189607855337,0.18457399188669574,0.9688894847159196,9.466230420560628e-05,0.03101585297972226
2024-04-12,0.9738082923783006,0.00015263393557223478,0.026039073686127102,0.9905118222187524,8.65671289675437e-06,0.009479521068366276
2024-04-15,0.9318577692461123,0.0007036291180686294,0.06743860163581916,0.9927004391923112,2.001999503711742e-05,0.007279540812435881
2024-04-16,0.9976665771723234,3.6551576872604335e-05,0.0022968712508040184,0.9997725767920252,9.66003601059873e-07,0.00022645720438934687
2024-04-17,0.9999924932488273,4.3841638866935785e-06,3.1225872859365884e-06,0.9999992941432301,1.5628171850153295e-07,5.495750254705203e-07
2024-04-18,0.9999373558962016,1.518406728763098e-05,4.7460036510816603e-05,0.99979632701656,8.345584893662489e-05,0.00012021713470454056
2024-04-19,0.5339755114559788,0.46565425826257245,0.00037023028144890464,0.16803750365297102,0.8316608070221707,0.00030168932495051344
2024-04-22,0.11350811421192947,0.8812988669720585,0.005193018816012015,0.024164421006249305,0.9729486686545126,0.0028869103392549543
2024-04-23,0.033296056079036226,0.9491777080833631,0.017526235837600688,0.006397456424893083,0.9845588097045267,0.0090437338707124
2024-04-24,0.010191161315905984,0.9728446602224275,0.01696417846166646,0.0021485651530883587,0.9884787044912706,0.009372730355721486
2024-04-25,0.01069425827458787,0.9581488093875025,0.03115693233790972,0.002193785037059018,0.9824826875218181,0.015323527441261
2024-04-26,0.009305978891497925,0.9748273731384631,0.01586664797003892,0.0019627468351939574,0.9905508280379408,0.0074864251270140856
2024-04-29,0.005597300708497886,0.9870100648903248,0.0073926344011772975,0.002093112200206925,0.9933417158631768,0.004565171936445874
2024-04-30,0.006743085234244957,0.9669722703256278,0.0262846444401272,0.00726473771311814,0.9715571052971337,0.021178156989576948
2024-05-01,0.007417925718925464,0.9779275484569414,0.01465452582413306,0.03248689052610168,0.9252751233804167,0.04223798609365091
2024-05-02,0.07902273846497071,0.6513864854919801,0.2695907760430494,0.1484792731688892,0.5749637236224137,0.2765570032086866
2024-05-03,0.11111919020445665,0.6385412691934208,0.25033954060212243,0.21590636478021236,0.604880366519869,0.17921326869976936
2024-05-06,0.4740277413511324,0.45434129157464703,0.07163096707422065,0.27592227220405213,0.6714165517842186,0.05266117601186099
2024-05-07,0.14395069564507332,0.8409453249740345,0.015103979380892103,0.17755891327946371,0.8126890438752432,0.009752042845217593
2024-05-08,0.03381593278775448,0.9532758640367359,0.01290820317550967,0.18322527957810653,0.8006447557524441,0.01612996466928094
2024-05-09,0.0665467480412847,0.8841046014597587,0.04934865049895657,0.320247812648444,0.625409742044102,0.054342445307339046
2024-05-10,0.36494360856127744,0.5305630003632206,0.1044933910755019,0.4479284507452635,0.491181520246034,0.060890029008857885
2024-05-13,0.08159743965714526,0.904117931396288,0.014284628946566597,0.42522670691455633,0.5585329656151745,0.0162403274703744
2024-05-14,0.15592653164024725,0.7822281234756574,0.061845344884095245,0.5496347026393775,0.3982404982119155,0.05212479914885651
2024-05-15,0.059560177453140815,0.9071406620937112,0.033299160453148034,0.6330985658173544,0.31565989425345825,0.05124153992936461
2024-05-16,0.4543723355479249,0.21887468181975422,0.32675298263232083,0.9217746487607438,0.011801394845916099,0.06642395639347265
2024-05-17,0.9977092518016831,8.943652326973228e-07,0.002289853833084185,0.9985970408274217,9.836915508568474e-07,0.0014019754812240738
2024-05-20,0.47241607530830687,0.5267033071002547,0.0008806175914384811,0.8365042676795185,0.1632084233991907,0.00028730892145176673
2024-05-21,0.21029612022443403,0.7843973750387735,0.00530650473679237,0.8420509911763325,0.15514425485676403,0.002804753967025196
2024-05-22,0.2610067198054015,0.7114215959788284,0.02757168421577002,0.924027312410667,0.0663822574400965,0.009590430149121525
2024-05-23,0.9999815167530234,1.431948042370704e-13,1.8483246833489008e-05,0.9999965376087772,1.923548814491024e-14,3.4623912604111148e-06
2024-05-24,0.6230598219627409,0.37646861640163654,0.00047156163562270996,0.9842527793144018,0.015674036480042598,7.318420552215101e-05
2024-05-28,0.9999999581485549,4.424407169229055e-23,4.1851445030751526e-08,0.9999999958881745,1.166084884455669e-24,4.1116127691004355e-09
2024-05-29,0.9999999999999748,2.4977399185579036e-31,2.5182254670793887e-14,1.0,2.2009472566389366e-31,1.2816235891730783e-14
2024-05-30,0.563645539673154,0.43605725827006225,0.000297202056783805,0.8705036087696232,0.1294017042290467,9.468700145971592e-05
2024-05-31,0.14821750314575693,0.846141369542819,0.0056411273114239475,0.8664023045232062,0.13035812270322308,0.00323957277373115
2024-06-03,0.999999999347319,2.701965190370567e-18,6.526810119729374e-10,0.9999999998185558,8.98591092471966e-19,1.8125274078604508e-10
2024-06-04,0.6712942541455252,0.3284380500698646,0.0002676957846101822,0.9541431141256248,0.04577049547768606,8.639039690620982e-05
2024-06-05,0.8960450354429093,0.08948480843033836,0.014470156126752292,0.9574859275248977,0.036838089145392695,0.005675983329920836
2024-06-06,0.4022323295064331,0.5941481541523782,0.0036195163411886235,0.9107708064847561,0.08571227118411602,0.003516922331102337
2024-06-07,0.6342674614294971,0.0015214271277184425,0.3642111114427845,0.9465424531195898,5.984031754238663e-05,0.05339770656292312
2024-06-10,0.9999999795400003,4.605513826449838e-22,2.0459999690612047e-08,0.9999999979900167,1.2138169823917944e-23,2.010052862466093e-09
2024-06-11,0.9999999999639908,1.3905031214732363e-17,3.600919300673353e-11,0.9999999999590727,1.8154034793211013e-17,4.0700785240264994e-11
2024-06-12,0.876662763295123,0.12230842239641462,0.0010288143084623898,0.8130698587844267,0.18611118205727428,0.0008189591584154612
2024-06-13,0.5513271257656827,0.4462166765025015,0.002456197731815664,0.6163530421446359,0.3821567506064362,0.001490207248804616
2024-06-14,0.5341439828189247,0.45752965447605276,0.008326362705022572,0.5601190165360388,0.431101524518997,0.008779458944859713
2024-06-17,0.1502333573600887,0.8339177757064478,0.01584886693346343,0.5024317391311234,0.4609563321615973,0.03661192870705637
2024-06-18,0.8294869521717103,0.056329058497804875,0.11418398933048471,0.5739315225585118,0.21925117766849184,0.20681729977307267
2024-06-20,0.3426004455467805,0.628675257600995,0.028724296852224537,0.08681930389026657,0.8944618035558713,0.018718892553922246
2024-06-21,0.0708437809625184,0.9200248991336959,0.009131319903785731,0.013758891162318184,0.9817121189374104,0.004528989900398721
2024-06-24,0.01708868281317641,0.9733425096736684,0.009568807513155097,0.0031480385530833527,0.9922040486963081,0.004647912750578859
2024-06-25,0.006204844833277216,0.9868671991388557,0.006927956027867089,0.0013193197765193516,0.992484199042642,0.006196481180871256
2024-06-26,0.012444653701907164,0.9167344979326546,0.07082084836543831,0.0022230964401546574,0.940551809966528,0.057225093593193235
2024-06-27,0.00838019289168871,0.9749706656756756,0.016649141432635628,0.0012568883825135977,0.9312007126841001,0.06754239893317779
2024-06-28,0.014627641164443912,0.8780178543672912,0.1073545044682649,0.0023138289355725183,0.5128182349778003,0.48486793608650364
2024-07-01,0.017145011391703623,0.033967849282735135,0.9488871393255612,0.006749719784997646,0.07045401483387426,0.9227962653810178
2024-07-02,0.03709664786104842,0.8224073717952886,0.1404959803436631,0.008911787889940643,0.9079419484449581,0.08314626366504281
2024-07-03,0.026054868747677682,0.9291302948551324,0.04481483639718991,0.0054152329001785435,0.9662506202885416,0.02833414681111671
2024-07-05,0.015453074102755184,0.9239206474050625,0.06062627849218234,0.002912869161458493,0.9679740575851564,0.029113073253167258
2024-07-08,0.007591236633897003,0.9808866222813848,0.011522141084718182,0.0013678558656717366,0.9931138118364722,0.0055183322979184
2024-07-09,0.004703736963723402,0.9839955491771016,0.011300713859174924,0.0009388384732084803,0.9931814923045046,0.005879669222185706
2024-07-10,0.006096667556658201,0.9831422636567345,0.010761068786607292,0.0015171497755477187,0.987343210952706,0.01113963927196131
2024-07-11,0.01741323238169893,0.8394480524027866,0.1431387152155144,0.0035193205224340537,0.91996849390225,0.07651218557528527
2024-07-12,0.009770861974702392,0.9650966296391457,0.02513250838615195,0.001969238176293306,0.9817728742574381,0.016257887566283293
2024-07-15,0.007926197716135288,0.939265243636966,0.052808558646898845,0.0019046564582257286,0.9685779499040204,0.029517393637672366
2024-07-16,0.017655551287560495,0.9425132312339263,0.03983121747851324,0.003247156157852845,0.9779472967276217,0.01880554711442818
2024-07-17,0.006400858956095019,0.9850115192702199,0.00858762177368508,0.0012425797737626865,0.9944041014507358,0.004353318775621033
2024-07-18,0.007668118644039151,0.9730712373861587,0.0192606439698021,0.0013964374097416386,0.9893286086525543,0.009274953937724312
2024-07-19,0.005289325268500741,0.9818620703273339,0.01284860440416549,0.0010014841462186526,0.9926940718669649,0.006304443986842481
2024-07-22,0.004338909805751868,0.9861439199575572,0.009517170236690787,0.0011917872926405651,0.9913646088085567,0.007443603899016286
2024-07-23,0.019438269636076953,0.9439469664489861,0.036614763914936926,0.004002083908874554,0.9524514736789911,0.04354644241199553
2024-07-24,0.01362037792417531,0.7912098990235928,0.19516972305223196,0.0031210798505036446,0.8834662410637882,0.11341267908550429
2024-07-25,0.016896956180349715,0.9223904256559068,0.06071261816374341,0.003289661116917379,0.9666233780758855,0.03008696080718077
2024-07-26,0.009313381062934606,0.9734727913016541,0.01721382763541134,0.00171274490083097,0.9902301174606747,0.008057137638595183
2024-07-29,0.006455518679786484,0.9861186869991968,0.007425794321016621,0.0010976488168044382,0.9945415631051319,0.0043607880782148035
2024-07-30,0.004596963786363488,0.9884112821380312,0.006991754075605356,0.0006427968753047201,0.9798513079108778,0.01950589521360737
2024-07-31,0.024125558101909042,0.9215581358092482,0.05431630608884273,0.0008780852907051743,0.7046674805601032,0.29445443414922545
2024-08-01,0.04692252760175456,0.5858077910179388,0.36726968138030663,0.00019781494821104057,0.152467015849657,0.8473351692023523
2024-08-02,0.0001305929844019555,3.356293851032032e-07,0.999869071386213,6.37199634507919e-05,5.338718652886752e-07,0.9999357461645509
2024-08-05,0.043004368583743846,0.713120577961205,0.24387505345505117,0.0247963641340707,0.6586776319657299,0.31652600390038294
2024-08-06,0.029423251402367758,0.6435755899061248,0.32700115869150737,0.0387799043361765,0.6662848515857606,0.29493524407783767
2024-08-07,0.020578117084992097,0.83293994002388,0.14648194289112784,0.09195351026767237,0.7571134293338437,0.15093306039859333
2024-08-08,0.009309540262257948,0.965504950870601,0.025185508867141,0.24773014647054664,0.6853569768292616,0.06691287670038397
2024-08-09,0.9586392940426705,0.017859464022527347,0.02350124193480211,0.990690366061812,0.0038215719130219533,0.005488062025141095
2024-08-12,0.48431080787681274,0.5100186438597072,0.005670548263480102,0.9670323030274856,0.03140945923697229,0.0015582377356853229
2024-08-13,0.9779530384645091,0.0003473228347542864,0.02169963870073666,0.9949164769532545,5.659784567154763e-05,0.00502692520096228
2024-08-14,0.6378974837365207,0.35587009059935,0.006232425664129398,0.9779486756855182,0.020207576786818907,0.0018437475276925194
2024-08-15,0.9751628214649195,1.5378050611586454e-06,0.024835640730019298,0.9931209079421969,7.852568553775797e-08,0.0068790135320922615
2024-08-16,0.9979805144635625,0.0001364185494648372,0.0018830669869726825,0.994673248511236,0.0007136031933897371,0.004613148295171013
2024-08-19,0.5881393983221916,0.4110376281499658,0.000822973527842453,0.20540552221039898,0.793848394009421,0.0007460837802306588
2024-08-20,0.1613664908479181,0.8320336633047993,0.006599845847282398,0.034279633226644256,0.9616834608193046,0.0040369059541374855
2024-08-21,0.03667403035522803,0.9418471841681032,0.021478785476668805,0.007139496134116453,0.9805324265242727,0.01232807734151918
2024-08-22,0.012848685790377798,0.9558466548579568,0.031304659351665334,0.0024602137298228737,0.9804034864066626,0.017136299863650707
2024-08-23,0.008499247688137722,0.9580843433051147,0.03341640900674762,0.0015413125750018486,0.9827084005731834,0.01575028685175015
2024-08-26,0.005399445753227423,0.9845595632703084,0.010040990976464204,0.0009658346993995959,0.9941773007724305,0.004856864527987018
2024-08-27,0.004807823617794081,0.980828893343708,0.014363283038497836,0.0008518955961880863,0.9925580838057538,0.006590020597947704
2024-08-28,0.0042973783919567216,0.9883203466622128,0.007382274945830523,0.0007663500256923134,0.9957946807668622,0.0034389692072481605
2024-08-29,0.004389180210664369,0.9864935475104729,0.009117272278862797,0.0008033573583999008,0.9948362545900272,0.004360388051638626
2024-08-30,0.0046110541732583155,0.9831982569975646,0.012190688829177005,0.0009582844201779932,0.9931557940951014,0.005885921484505236
2024-09-03,0.008609657535617939,0.9795593914835676,0.011830950980814419,0.0017540771248006192,0.9920070597175693,0.006238863157417671
2024-09-04,0.009527240632990408,0.9656872585915923,0.024785500775417236,0.0018333976279645576,0.9863447599514729,0.011821842420477915
2024-09-05,0.007337861384342201,0.9841128441671031,0.008549294448554746,0.0014209271512450473,0.9930856432440202,0.005493429604523161
2024-09-06,0.007778066425258294,0.9367745495695489,0.055447384005192904,0.0014964276759790519,0.9722012801979508,0.0263022921260955
2024-09-09,0.0072379880532885445,0.9823737609873101,0.010388250959401211,0.0013372999058111753,0.9936271161025065,0.005035583991584692
2024-09-10,0.005896400643934763,0.980426705676428,0.013676893679637328,0.0010925938883129078,0.9923339684164234,0.006573437695067816
2024-09-11,0.005967025414487589,0.981216336601146,0.012816637984366447,0.001070308881553812,0.9927695351574253,0.0061601559612481415
2024-09-12,0.004710442621894839,0.9827591649387085,0.01253039243939656,0.0008758534237056492,0.9929135187314313,0.006210627844705249
2024-09-13,0.005309311317989839,0.9774994261853276,0.017191262496682628,0.0010677776583537307,0.9907821815807836,0.008150040760900609
2024-09-16,0.00867324259649541,0.980543566344335,0.010783191059169589,0.0015684069550950806,0.9932528191235749,0.005178773921224273
2024-09-17,0.005186808560056413,0.985109701719142,0.009703489720801584,0.0009869379689900933,0.9930344755170476,0.005978586514041452
2024-09-18,0.006783854703727284,0.9467717948906794,0.04644435040559331,0.0012914495911410028,0.9753852514466629,0.023323298962177337
2024-09-19,0.007095126511024585,0.9721108920655718,0.020793981423403697,0.0012673583022769618,0.9889406573100312,0.009791984387901237
2024-09-20,0.004798541831191758,0.9846743038052884,0.010527154363519878,0.0008578446347605226,0.9942172959225176,0.00492485944270545
2024-09-23,0.004573346951106239,0.986162358826616,0.00926429422227777,0.0008261642389839035,0.9945770601580521,0.004596775603015557
2024-09-24,0.004860445378285576,0.9788790202135605,0.016260534408153764,0.00089777030111265,0.9909224841112205,0.008179745587577975
2024-09-25,0.004881788447752202,0.9800578489285217,0.015060362623726137,0.0010357021037758918,0.9897073909863295,0.00925690690986085
2024-09-26,0.010448986877764094,0.9443096235927054,0.045241389529530406,0.0019910741096665096,0.9743057024998069,0.02370322339042086
2024-09-27,0.006609138750366734,0.9754759734937031,0.017914887755930208,0.0014005746029111133,0.9855426487395903,0.013056776657312363
2024-09-30,0.011088683567497247,0.9110982915396962,0.07781302489280653,0.0021608845829767503,0.9583934921095316,0.039445623307274275
2024-10-01,0.009037773711079757,0.9776823611131831,0.013279865175737222,0.0015409392804083281,0.9877874795498774,0.010671581169788408
2024-10-02,0.006400066217591661,0.9702060699887165,0.02339386379369183,0.0008345971868074487,0.9509104099845821,0.04825499282839657
2024-10-03,0.007495182278363276,0.9601997505201406,0.03230506720149612,0.0002884233352915911,0.7701584781705341,0.22955309849406766
2024-10-04,0.00017444886146814222,0.00025921508062356726,0.9995663360579082,0.0009886544926218674,8.640155430645822e-05,0.9989249439532208
2024-10-07,0.1572633665068297,0.23746206213156948,0.6052745713616008,0.55538975866802,0.06006213588009394,0.3845481054518408
2024-10-08,0.24075255987667069,0.456624486947463,0.3026229531758664,0.782869782548319,0.0695703654739191,0.14755985197782978
2024-10-09,0.5119328262139237,0.35955934965663766,0.12850782412943873,0.9164594589275759,0.03123439297546702,0.05230614809713448
2024-10-10,0.8282808451674281,0.07044911451975924,0.10127004031281268,0.9546753986070871,0.007054931806759386,0.03826966958628047
2024-10-11,0.9682920571735029,0.019378954793515375,0.012328988032981762,0.9625943324686693,0.010063315176063818,0.027342352355405632
2024-10-15,0.9702606788008247,0.012903682696385628,0.01683563850278979,0.9218580304275276,0.04594706207865982,0.03219490749366859
2024-10-16,0.45338669954364563,0.5431745347857966,0.003438765670557836,0.40490744378047727,0.5875850240678032,0.007507532151620157
2024-10-17,0.7220130667876116,0.19166914762228032,0.08631778559010819,0.35516588023644274,0.5309848584544681,0.11384926130927188
2024-10-18,0.21860208272397297,0.765334350682079,0.01606356659394806,0.05392299930289657,0.9307347919489574,0.015342208748249089
2024-10-21,0.0816616044716107,0.8297071308364098,0.08863126469197956,0.016625816074318078,0.936790125221088,0.046584058704592216
2024-10-22,0.019356182857910777,0.9645165794071419,0.016127237734947418,0.003681642419412334,0.9882015260817205,0.008116831498971952
2024-10-23,0.008381765329165276,0.974391917386184,0.017226317284650773,0.001653647677032779,0.989907182341394,0.008439169981586161
2024-10-24,0.008671171696177394,0.9764185305803886,0.014910297723433991,0.0015706842949007934,0.991237014692,0.007192301013209468
2024-10-25,0.005219398607688308,0.9817290977070031,0.013051503685308573,0.0009946901276095606,0.9926931569900714,0.006312152882393369
2024-10-28,0.005520922865019163,0.9819666704797593,0.012512406655221577,0.0012254637334915973,0.9922547897190391,0.006519746547277777
2024-10-29,0.005554760586930606,0.9868596740416372,0.007585565371432195,0.0022857438320210274,0.9866989952363623,0.011015260931825276
2024-10-30,0.019093322949806375,0.8933897128613486,0.08751696418884501,0.008951541506352946,0.8658059262021781,0.12524253229131735
2024-10-31,0.023196752603712692,0.9267123238461379,0.050090923550149505,0.017374140962432744,0.7869345535768065,0.19569130546094424
2024-11-01,0.08682618399852939,0.31596219450647195,0.5972116214949987,0.035716325222049,0.3978924918273346,0.5663911829507056
2024-11-04,0.06486221833300629,0.8122410325994511,0.12289674906754247,0.03496264296630759,0.7038411829644274,0.2611961740693221
2024-11-05,0.04548202965820691,0.8788298384465044,0.07568813189528868,0.042998391904777805,0.569554720057293,0.38744688803805694
2024-11-06,0.014002306459495687,0.08507521899391822,0.9009224745465861,0.07065122922980742,0.05442610472727097,0.8749226660428908
2024-11-07,0.04478925684534018,0.7323928880976324,0.22281785505702756,0.5209124660413809,0.2244967661834725,0.2545907677749382
2024-11-08,0.999999940948599,4.1913609212422986e-18,5.9051401013449675e-08,0.9999999714964365,4.96838370997645e-19,2.8503346092402727e-08
2024-11-12,0.7664224684886424,0.22915571799989737,0.004421813511460358,0.9916234929360214,0.007814412638021581,0.0005620944257894135
2024-11-13,0.9999973975283052,4.414377097204561e-15,2.60247169047793e-06,0.9999997371374211,1.1773947845667044e-16,2.6286237296279174e-07
2024-11-14,0.999931039055506,2.7226670712165027e-05,4.173427378184967e-05,0.9999949931214194,7.306007604342892e-07,4.276277875673246e-06
2024-11-15,0.9999828963685354,3.533582589035639e-07,1.6750273205658994e-05,0.9999930990845141,1.9268080953547273e-07,6.708234643038293e-06
2024-11-18,0.5073702640660255,0.49206161893906314,0.0005681169949113753,0.9222530744584603,0.07760202957510601,0.00014489596660176185
2024-11-19,0.28773289519383316,0.7064516443573413,0.005815460448825502,0.9374744494730398,0.06066404180086288,0.0018615087259926226
2024-11-20,0.9999976459675116,1.049711299691965e-12,2.3540314388669375e-06,0.999999409888634,2.3730066724576084e-13,5.90111321642625e-07
2024-11-21,0.8606139466047723,0.1388972460090235,0.0004888073862041869,0.9706741883103734,0.029211870405167692,0.00011394128454831542
2024-11-22,0.34637276025014574,0.6504029933682111,0.0032242463816432748,0.951716498438225,0.047405551737110314,0.0008779498247699474
2024-11-25,0.997176948974546,0.0017590140882127164,0.0010640369372412288,0.9996737606387852,0.00015120301312885096,0.00017503634815878234
2024-11-26,0.7912724719634221,0.20781167642125065,0.0009158516153273019,0.9914427862289407,0.008435197971714228,0.00012201579935288655
2024-11-27,0.9244062927576816,0.07402541997314234,0.0015682872691760413,0.997589611535306,0.0022222423207369914,0.00018814614381530717
2024-11-29,0.998509784195577,3.217902460917119e-05,0.0014580367798138277,0.9998406632210375,1.0394051952661545e-06,0.00015829737386421103
2024-12-02,0.9961700892682352,0.003729660408944141,0.00010025032282067694,0.9992115479395628,0.0007639869547533924,2.4465105526435135e-05
2024-12-03,0.49545894459709655,0.5037622382389648,0.0007788171639384501,0.9733726373904702,0.026471731693372053,0.00015563091607751384
2024-12-04,0.9959522644853218,9.816548948733692e-06,0.004037918965729458,0.9996014260710296,2.5971507273359333e-07,0.0003983142139435099
2024-12-05,0.9999998844126131,7.255115537636096e-11,1.1551483573752316e-07,0.9999997741029147,1.6791677238476275e-10,2.2572919660548704e-07
2024-12-06,0.8532398737648479,0.14578989108482548,0.0009702351503266275,0.6658047381551948,0.33271427576744894,0.0014809860774937073
2024-12-09,0.7024554681162092,0.2883953087430168,0.009149223140774137,0.38031726688667583,0.6095107481480904,0.010171984965453656
2024-12-10,0.3337924817662905,0.656802371530115,0.009405146703594443,0.1594162653723076,0.8319090944234706,0.008674640204294239
2024-12-11,0.11541431976161029,0.8465878522759019,0.03799782796248779,0.10282844603794256,0.865576516840822,0.03159503712141373
2024-12-12,0.07797772484696819,0.8610097742355076,0.06101250091752425,0.10524009822700621,0.8481766491650554,0.04658325260814378
2024-12-13,0.051593795689623016,0.8922271657295744,0.05617903858080266,0.12891924516408637,0.8313160695372319,0.03976468529874904
2024-12-16,0.014223261567495711,0.9757532236143416,0.010023514818162745,0.1909540316075914,0.7916912297088192,0.01735473868366944
2024-12-17,0.03319566699838039,0.9505413503815447,0.016262982620074924,0.5467263870198306,0.4250686750996258,0.028204937880372045
2024-12-18,0.99824463362157,2.148246089574594e-11,0.0017553663569475808,0.985635061994247,2.0538720813750148e-11,0.014364937985124613
2024-12-19,0.9856743026495854,0.0007142045608735785,0.013611492789540935,0.9704454500445471,0.002895965929566599,0.026658584025942293
2024-12-20,0.48972229045886867,0.5066618777179394,0.003615831823192048,0.3681673761031946,0.6286209346681739,0.0032116892284219795
2024-12-23,0.1542896089557054,0.8288208389785611,0.016889552065733626,0.2872461829303812,0.6926729314792823,0.02008088559026249
2024-12-24,0.5266640041585812,0.38084248386064595,0.09249351198077262,0.3116500718628059,0.6092361590038172,0.07911376913346041
2024-12-26,0.5462887184988308,0.43281328438670735,0.020897997114461875,0.19231433415401902,0.787062715937659,0.020622949908393202
2024-12-27,0.1588025548077288,0.8160896522684725,0.025107792923798666,0.044402826769379615,0.9403086812456531,0.015288491984942438
2024-12-30,0.0996994510229361,0.8735637526562356,0.02673679632082821,0.01950135857097221,0.9670042257806862,0.01349441564821483
2024-12-31,0.018634691053341885,0.9726487420744662,0.008716566872191932,0.0035057814450973604,0.992368048007472,0.004126170547471236
2025-01-02,0.006164921659188866,0.985498726626648,0.008336351714163208,0.0015244144584231623,0.9939521022509349,0.004523483290644354
2025-01-03,0.013928251358867806,0.9609448955548849,0.02512685308624731,0.0031664366263066163,0.9836321050613768,0.013201458312099722
2025-01-06,0.014381715452066252,0.9660519138971629,0.019566370650770812,0.0030630229485045716,0.9852228594552777,0.011714117596203562
2025-01-07,0.010154347187533568,0.9526106883184701,0.03723496449399636,0.0025401950904250913,0.9759204407126317,0.021539364197025197
2025-01-08,0.0065564265763187945,0.9816988726721332,0.011744700751548041,0.003776178152678301,0.9758302779314434,0.020393543915840598
2025-01-09,0.014976402296499769,0.9628931489088863,0.022130448794613893,0.015029932990569563,0.8209719236869111,0.16399814332256618
2025-01-10,0.010865131640605125,0.0013941898028815545,0.9877406785565134,0.04218909739230821,0.0015411419979359058,0.9562697606097098
2025-01-13,0.08345884747331066,0.7215082245031108,0.19503292802357844,0.4029146824799254,0.41758139023013163,0.17950392728976328
2025-01-14,0.04794108500789823,0.897232151004642,0.054826763987459795,0.5793574763809226,0.3452267502632222,0.0754157733557332
2025-01-15,0.3479373516437744,0.5692364829384234,0.08282616541780227,0.9296467505674101,0.04399435489210753,0.02635889454056579
2025-01-16,0.9517463963095529,0.004187504716026023,0.044066098974420986,0.9914070590871601,0.00040121065085390976,0.008191730261928059
2025-01-17,0.9918995401153987,0.0059371196878695714,0.002163340196731797,0.9869265983660264,0.010400492492205492,0.0026729091416677637
2025-01-21,0.8354187755495975,0.16231533864238887,0.0022658858080137146,0.7329449483000259,0.2651009683679534,0.001954083332184252
2025-01-22,0.2867747974130843,0.7093643305432217,0.003860872043694054,0.5320588798037311,0.46535943264855445,0.0025816875478317774
2025-01-23,0.11165670173152509,0.8595496795220573,0.028793618746417685,0.5402977253555656,0.4388133548662695,0.020888919778152076
2025-01-24,0.049023642109119386,0.9417073247491135,0.009269033141767177,0.6557994162107385,0.33201865785569556,0.012181925933388914
2025-01-27,0.9999964453150805,9.470177617895637e-23,3.5546849196183765e-06,0.9999949855808367,2.639148092291587e-22,5.01441935335521e-06
2025-01-28,0.6757351751242728,0.3238655025300039,0.00039932234572321316,0.581590581177549,0.418125453443274,0.0002839653793393683
2025-01-29,0.2532853128810152,0.7391012288774337,0.007613458241551216,0.45767798517755365,0.5381878941690187,0.004134120653552015
2025-01-30,0.06559959709861535,0.9281145736177535,0.0062858292836309735,0.4662036895882723,0.5256510416562107,0.00814526875572898
2025-01-31,0.04968840076431784,0.9096592710978723,0.040652328137809925,0.6398449209564302,0.30872622321044046,0.05142885583333897
2025-02-03,0.9999999992528353,6.665826422913245e-21,7.471647194712364e-10,0.9999999999267857,1.75683308033157e-22,7.340430118142145e-11
2025-02-04,0.9999999927508828,1.4263631262265513e-18,7.249117227150817e-09,0.9999999988035597,9.773244792281583e-20,1.196656055634805e-09
2025-02-05,0.9334607782876381,0.06609117473817647,0.0004480469741854823,0.9943779350025008,0.005541830107839215,8.023488978798067e-05
2025-02-06,0.7131579293226716,0.28317055917265244,0.0036715115046759865,0.9891098367539229,0.010385881284576756,0.0005042819613089502
2025-02-07,0.9999837723041747,2.98056259511984e-10,1.6227397769121486e-05,0.9999598808598245,1.5565267729678842e-09,4.011758383816588e-05
2025-02-10,0.46709190692972646,0.5324529570038935,0.00045513606638013986,0.21083656188524658,0.7887825062840658,0.0003809318307616537
2025-02-11,0.1613268535976889,0.8273019426688175,0.011371203733493703,0.11075920695175848,0.8772334033193773,0.012007389729064366
2025-02-12,0.14733778138958772,0.7552825303532437,0.09737968825716861,0.09888099313157582,0.839595300496879,0.061523706371705254
2025-02-13,0.11430436260044913,0.8484375246454865,0.0372581127540644,0.08947651316343494,0.8884787978376567,0.02204468899874046
2025-02-14,0.029006956661919603,0.9583109840964323,0.012682059241648088,0.08807306233366036,0.8991274640213563,0.012799473645014438
2025-02-18,0.022347118844102214,0.9388342319803623,0.0388186491755355,0.16159858687435544,0.7931257826433534,0.045275630482269874
2025-02-19,0.09634367207050593,0.867001172593965,0.03665515533552911,0.3631784500173155,0.6085391679362806,0.02828238204622787
2025-02-20,0.02189794063019433,0.9674689128543524,0.010633146515453195,0.4519075226832547,0.52650552585953,0.021586951457019023
2025-02-21,0.9997280183277525,1.310120350605474e-15,0.0002719816722461588,0.9996745151842993,3.205275090180792e-15,0.00032548481579791437
2025-02-24,0.48351411140858386,0.516108916736814,0.0003769718546020907,0.6321003366391063,0.367707148051501,0.0001925153094675727
2025-02-25,0.8861479213450676,0.1099709837118993,0.0038810949430330664,0.5993297560089268,0.3942711718080136,0.0063990721828645165
2025-02-26,0.40216493444525286,0.5952360581375297,0.0025990074172175743,0.1189558682523544,0.87897074632607,0.0020733854215680093
2025-02-27,0.1460954464198789,0.8320607916518599,0.021843761928261263,0.03106679177189622,0.9568824511201751,0.012050757108106595
2025-02-28,0.03192865659465872,0.9548408926128192,0.013230450792521989,0.006631223335165168,0.9861828703471887,0.007185906317810189
2025-03-03,0.013915443420352055,0.9728900408899633,0.013194515689684598,0.0030676993818518038,0.9843321704489756,0.012600130169399629
2025-03-04,0.015121599617064042,0.8627921892059038,0.12208621117703207,0.0030825327469472495,0.9300203794772635,0.06689708777565931
2025-03-05,0.009398664630948158,0.9536724305452723,0.03692890482377948,0.0020728411827423483,0.9781673471948438,0.01975981162258461
2025-03-06,0.013472932191180623,0.9577358082822426,0.028791259526576785,0.00253509636200526,0.9833597361766664,0.014105167461215755
2025-03-07,0.006188880925440728,0.9818982547906971,0.011912864283862134,0.0013730241737583578,0.991411050095778,0.007215925730513055
2025-03-10,0.009909641834172207,0.9516992939423331,0.03839106422349472,0.0023748985583024267,0.9757258197721015,0.0218992816698169
2025-03-11,0.017690870453737576,0.9438395106361643,0.03846961891009814,0.003343009979532195,0.9772537009004651,0.01940328912020017
2025-03-12,0.008069238790487916,0.9725835624117611,0.019347198797750886,0.0015163342187429073,0.9891924256897497,0.009291240091532116
2025-03-13,0.0057718415515702675,0.9839400037308336,0.010288154717596146,0.0012171467012459468,0.9927438584036334,0.006038994895112906
2025-03-14,0.008296064733844625,0.9545391097678932,0.03716482549826217,0.001971297431615253,0.9786017836041347,0.019426918964293036
2025-03-17,0.015154762872952601,0.9593130436312871,0.02553219349576028,0.0030952850593575386,0.9848410369704899,0.012063677970041969
2025-03-18,0.007504752990861274,0.9852099828485784,0.007285264160560289,0.0021005832587976648,0.9934793234701599,0.004420093270909641
2025-03-19,0.02403746531338988,0.9336719825231508,0.042290552163459415,0.004439834955907215,0.9748604944640961,0.020699670580001273
2025-03-20,0.007553650698023371,0.9810664723076844,0.011379876994292224,0.0014155565413462353,0.9919297794582768,0.006654664000258074
2025-03-21,0.006043735686107138,0.9646384967140296,0.02931776759986338,0.001254915260318822,0.9793273262838488,0.019417758455704315
2025-03-24,0.010401999133570447,0.9232517541063079,0.0663462467601216,0.001966317933404097,0.9653254063690486,0.0327082756975704
2025-03-25,0.0070722030804969615,0.9760645291146467,0.01686326780485634,0.0012778048812188158,0.9905808740518812,0.008141321067077283
2025-03-26,0.005023594004796918,0.9823777461171262,0.012598659878076948,0.000941468718647747,0.9925729264927575,0.006485604788508792
2025-03-27,0.004983533578147694,0.9760879888788622,0.018928477542990044,0.0011354531415947587,0.9882539582321181,0.010610588626392695
2025-03-28,0.01187243800450829,0.9534637268035242,0.03466383519196752,0.0024840178704188497,0.980820600242809,0.01669538188687425
2025-03-31,0.011057851737425165,0.9782502299431589,0.010691918319415916,0.002170817568111993,0.9919574126102979,0.0058717698216528445
2025-04-01,0.011860319421464531,0.9767799180753695,0.011359762503165984,0.0016758541337768033,0.9838383722143222,0.014485773652106597
2025-04-02,0.006434346915395905,0.9801646442397806,0.013401008844823687,8.052651620890712e-05,0.8918304181946821,0.1080890552890676
2025-04-03,3.096497303209271e-05,3.589877886103665e-05,0.9999331362481069,1.2645546349518638e-06,1.2535898953602388e-05,0.9999861995463137
2025-04-04,0.05593941358946065,0.48286232340917945,0.4611982630013599,0.00016869687600481177,0.10563427491348552,0.8941970282103826
2025-04-07,0.0006277800713427803,0.0003309397800408495,0.9990412801486164,9.79323630540357e-07,3.737488091309784e-05,0.9999616457955528
2025-04-08,0.0004974582351564605,0.00010038269248114154,0.9994021590723623,7.698862337767692e-07,1.133042698396954e-05,0.9999878996868524
2025-04-09,1.328564061613739e-07,5.600022494890639e-10,0.9999998665835916,2.0549354350196139e-10,6.317173496071333e-11,0.9999999997312443
2025-04-10,1.3777760247787835e-07,1.094047954514419e-09,0.9999998611283495,2.5662384851319163e-10,1.2343002201007946e-10,0.9999999996198312
2025-04-11,0.0004757246238916414,1.2266099217531137e-05,0.9995120092768909,3.090255145109993e-05,3.8214948912701315e-06,0.9999652759537535
2025-04-14,0.00855679309725584,0.043115094063881206,0.9483281128388631,0.0031483408854179116,0.08855261670273484,0.9082990424118076
2025-04-15,0.03190938097511,0.8614314313191435,0.1066591877057465,0.005890849515802987,0.9150301995832858,0.07907895090077198
2025-04-16,0.01359074399205303,0.9468707460715392,0.0395385099364078,0.0018206205745267543,0.9367028276313731,0.061476551794071084
2025-04-17,0.007315710627264036,0.9695884318214103,0.023095857551325726,9.248476949982056e-05,0.8255875033504212,0.17432001188020008
2025-04-21,0.000845873889193372,0.00021105672105914983,0.9989430693897474,3.376789133213683e-05,4.456612000219135e-05,0.9999216659885836
2025-04-22,0.042098630780795405,0.21205893238900858,0.745842436830196,0.002258362387580892,0.04373687237758487,0.9540047652350048
2025-04-23,0.012231660795693195,0.01645542469682074,0.971312914507486,0.005071264367524277,0.03450933164532378,0.9604194039869519
2025-04-24,0.049244284923827354,0.7828762547881872,0.16787946028798542,0.010557180024468099,0.8994366117480176,0.09000620822755061
2025-04-25,0.017287756166912596,0.95912980379882,0.023582440034267526,0.0035095379187840533,0.9846998808689954,0.011790581212181789
2025-04-28,0.011510705606145078,0.9745068345095168,0.013982459884338067,0.002159517447739868,0.9896735094640083,0.008166973088242947
2025-04-29,0.007517076399962849,0.9833124536800838,0.009170469919953302,0.0013817902274344675,0.9792355365625911,0.019382673209963307
2025-04-30,0.010663444721025178,0.7817140682448751,0.2076224870340998,0.002070238825238337,0.7853919212118927,0.21253783996288883
2025-05-01,0.01279470675213816,0.8625398293708534,0.12466546387700854,0.0026519220332575535,0.8134705635809195,0.18387751438577615
2025-05-02,0.017098570963098064,0.5805043886977265,0.4023970403391755,0.0039041479610457193,0.7473890353287114,0.24870681671041964
2025-05-05,0.012557849178447753,0.9244833091421917,0.06295884167936049,0.0024365778126669933,0.9644609442147705,0.03310247797252895
2025-05-06,0.006914796991504046,0.9737831500197566,0.01930205298873933,0.0015904027527510719,0.9845792511436894,0.013830346103396594
2025-05-07,0.009067265030942946,0.9739523844988531,0.016980350470203933,0.0028000080453929317,0.9593088942274854,0.037891097726974236
2025-05-08,0.014189246768051967,0.6798123493102857,0.30599840392166244,0.006890545974403483,0.7537868226635475,0.2393226313620687
2025-05-09,0.013528111902647098,0.9459508069465246,0.04052108115082838,0.02008016479365392,0.8664577581648096,0.11346207704175168
2025-05-12,0.015085304737701167,0.8116862573204143,0.17322843794188456,0.058914728232736364,0.5869484639399261,0.35413680782718665
2025-05-13,0.472296323789991,0.17649553397504075,0.3512081422349683,0.20509829524424625,0.40463109123119867,0.39027061352442816
2025-05-14,0.15643168195552196,0.7704809814482837,0.07308733659619442,0.04512954512428015,0.9048144385495133,0.0500560163261009
2025-05-15,0.05812070752805336,0.8876538049854823,0.05422548748646421,0.020841709615336074,0.9496370195989912,0.029521270785753607
2025-05-16,0.08901282166676505,0.8899642211332041,0.021022957200030876,0.017190774698010863,0.9711241152783933,0.011685110023384071
2025-05-19,0.017466540181834505,0.9677296015571066,0.014803858261058874,0.0033031931816509667,0.9853250887375332,0.01137171808071882
2025-05-20,0.00801942293004429,0.9644051262978078,0.027575450772147937,0.0017745456637443691,0.9550492297330544,0.04317622460309989
2025-05-21,0.01304626388940455,0.6908455160382219,0.2961082200723736,0.0032437480247310404,0.833932022884651,0.16282422909055683
2025-05-22,0.014753881724945564,0.9610334086087414,0.024212709666312966,0.00397775321066518,0.9840105660629274,0.012011680726380775
2025-05-23,0.008204375232980874,0.9804519874365891,0.011343637330430107,0.004894147882406741,0.988078959352557,0.007026892764943407
2025-05-27,0.07496291197268995,0.8878624753827536,0.037174612644556466,0.015738240986384332,0.964823522254767,0.019438236759015796
2025-05-28,0.01591255839902224,0.9707755720848148,0.013311869516162993,0.00468068366951617,0.9871528653925324,0.008166450937863542
2025-05-29,0.02620440618175715,0.9367837188385071,0.03701187497973583,0.006117728050543707,0.9721519167109053,0.02173035523843096
2025-05-30,0.02060433186393049,0.945410758528932,0.03398490960713744,0.004270311336594227,0.9749225419179353,0.020807146745512737
2025-06-02,0.011034981941916126,0.9495650853947344,0.039399932663349534,0.0026135019642949597,0.9724369155337492,0.02494958250181317
2025-06-03,0.006675696106043411,0.9814609033523025,0.011863400541654134,0.0033795439367983638,0.9673490322752689,0.029271423788046848
2025-06-04,0.0597003909490164,0.7391909574952865,0.20110865155569718,0.01317994450721601,0.7274790310048851,0.25934102448795604
2025-06-05,0.03973912153787437,0.7590557068643345,0.20120517159779105,0.008475913748490223,0.7334287250175302,0.25809536123386556
2025-06-06,0.024393195638480157,0.5650951622428495,0.4105116421186703,0.0064334918811012115,0.7330095077641616,0.2605570003549384
2025-06-09,0.022423608772881444,0.904880788076645,0.07269560315047355,0.005422572093110919,0.9562603577296013,0.03831707017736932
2025-06-10,0.009226820867166493,0.979283808436639,0.011489370696194524,0.0044161012437991115,0.9826787705593939,0.012905128196987413
2025-06-11,0.04414012700932268,0.8213997108521571,0.1344601621385202,0.012237306648710722,0.902325108930674,0.0854375844206114
2025-06-12,0.02790696971616595,0.9295586947160404,0.0425343355677937,0.008951188446685788,0.9533006223232345,0.03774818922985894
2025-06-13,0.0466822655682381,0.833350237862386,0.1199674965693757,0.009772607735760639,0.9226847112394367,0.06754268102469961
2025-06-16,0.015389341742285614,0.9465840339842889,0.03802662427342546,0.0034316622089059145,0.9767303973879882,0.019837940403137858
2025-06-17,0.016456261755012868,0.9586061683564837,0.024937569888503437,0.0029827871849993606,0.9853347336903883,0.011682479124816845
2025-06-18,0.005863245566913998,0.9861904202295783,0.007946334203507826,0.0011305020191512782,0.9948255791262121,0.004043918854685402
2025-06-20,0.006357316050017639,0.9765291799580286,0.01711350399195375,0.0013345583599437,0.9891285510937323,0.009536890546480962
2025-06-23,0.010408221620651059,0.9547545747362707,0.03483720364307822,0.0019652027727733584,0.9818217759707224,0.016213021256291333
2025-06-24,0.007227809011126203,0.9846361878708683,0.008136003118005558,0.0012885733058298967,0.9949675688661628,0.0037438578277842944
2025-06-25,0.004717759574186293,0.9879622427376914,0.007319997688122263,0.0008577976011963763,0.9956302672084505,0.0035119351905207154
2025-06-26,0.004855064006849262,0.9828535476004013,0.012291388392749378,0.0009302723328955307,0.9930256844389049,0.0060440432283484
2025-06-27,0.0045571447550650495,0.9847839425790654,0.010658912665869625,0.001251498418505306,0.9911842754451945,0.007564226136346836
2025-06-30,0.017967786550749057,0.9349113026947158,0.04712091075453521,0.003994544807554643,0.9614195239118514,0.03458593128075006
2025-07-01,0.016853060279616194,0.9035888554832042,0.07955808423717961,0.003356144303689695,0.9501098854656329,0.04653397023052145
2025-07-02,0.009283728241575553,0.9601652891551185,0.030550982603305892,0.0020206736630622316,0.9724454775968978,0.025533848739913097
2025-07-03,0.011328281195151458,0.917820571039706,0.07085114776514254,0.0026512942851631385,0.9391801782553147,0.05816852745952842
2025-07-07,0.017466843210777138,0.8490205583488143,0.13351259844040853,0.0036125336910916048,0.9270951984908935,0.06929226781795704
2025-07-08,0.01077275287658123,0.96504562019828,0.02418162692513878,0.002216077794237808,0.9855537255113525,0.012230196694208346
2025-07-09,0.010646457436303549,0.9715155523663057,0.017837990197390744,0.0019979258567468412,0.9886708180248683,0.009331256118567414
2025-07-10,0.006363160059913726,0.9834941383178503,0.01014270162223603,0.0013127805826266977,0.987021838523889,0.0116653808935035
2025-07-11,0.01100797422445917,0.8128826917563727,0.1761093340191681,0.0021893020257327915,0.9065536569401621,0.09125704103395817
2025-07-14,0.0070216856011117235,0.973660377959923,0.019317936438965257,0.001500055673536514,0.9869435314591265,0.011556412867256153
2025-07-15,0.010964461010648694,0.9556269657132065,0.03340857327614476,0.002159768717893242,0.9759248899063303,0.02191534137596477
2025-07-16,0.008631069232957653,0.926239974265233,0.06512895650180942,0.0017940859557019943,0.9659364163051793,0.03226949773895778
2025-07-17,0.009813826963785957,0.9736882049574078,0.016497968078806255,0.001984988685154083,0.9895688574340549,0.008446153881016454
2025-07-18,0.00873145697329285,0.9708275689345045,0.020440974092202607,0.0018257624581004188,0.988183731198141,0.00999050634368195
2025-07-21,0.00928522053718108,0.9759236104242756,0.014791169038543394,0.0020139363918172067,0.9910420548505597,0.0069440087574033724
2025-07-22,0.009617272662421987,0.9830147680261452,0.007367959311432822,0.0023085778095753877,0.9935045488035287,0.004186873386678322
2025-07-23,0.016309121507439798,0.9508592470252164,0.03283163146734387,0.0032232036050142414,0.9805614174157786,0.01621537897939498
2025-07-24,0.009734386844077517,0.9739767619276504,0.016288851228272068,0.0018683473989054413,0.9905510352221574,0.007580617379114592
2025-07-25,0.006606295473259821,0.986008633522239,0.007385071004501216,0.0014054253466968317,0.9946997370535657,0.003894837599527023
2025-07-28,0.00773794869159434,0.9757959454511721,0.016466105857233668,0.002038020776089374,0.9863906199392015,0.011571359284867638
2025-07-29,0.02036061289637111,0.9304755089851924,0.049163878118436456,0.0040156634243955795,0.9610625868660555,0.034921749709706115
2025-07-30,0.01530940794016772,0.9454525162371392,0.039238075822693105,0.0022264189443324343,0.9545421221202111,0.043231458935582
2025-07-31,0.008436510673170958,0.9788821756235168,0.01268131370331225,0.00013179958704502196,0.8968751362815628,0.10299306413132811
2025-08-01,0.00023984796078889474,2.742678752660358e-06,0.9997574093604584,0.00010857654360226461,5.901919167667126e-06,0.9998855215374305
2025-08-04,0.027655246075682524,0.8564439643770791,0.11590078954723819,0.012535604322056505,0.9102562049499143,0.077208190727975
2025-08-05,0.08936264625638417,0.8392300033869382,0.0714073503566776,0.018237751551026537,0.9397403035386542,0.04202194491027235
2025-08-06,0.021633665844828287,0.9403996353168186,0.03796669883835306,0.004243542911678188,0.9767331397863815,0.019023317301959747
2025-08-07,0.009846373947140417,0.9733404233087815,0.016813202744078014,0.001973487772320477,0.9895911158374998,0.008435396390222944
2025-08-08,0.009561293255960262,0.9721679638171515,0.018270742926888153,0.0017514936359496363,0.9895958768470161,0.008652629517148238
2025-08-11,0.005620120276024798,0.9858659754811521,0.008513904242823172,0.0010797676455374617,0.9938188788281545,0.005101353526325983
2025-08-12,0.006371205751942712,0.9503045229815057,0.0433242712665516,0.00135590106229209,0.9776837930036272,0.020960305933947015
2025-08-13,0.007022974280232433,0.9824028023458055,0.010574223373962187,0.0020455499762015526,0.991455889573101,0.006498560450664027
2025-08-14,0.02134205117856416,0.9386603211316159,0.03999762768982,0.004796437977961469,0.973154569629616,0.022048992392642183
2025-08-15,0.01814436533884567,0.9481808819834281,0.03367475267772625,0.0034576875070990135,0.9805786824716326,0.015963630021341584
2025-08-18,0.007908299703396638,0.9821349488156966,0.009956751480906844,0.0015798723760020027,0.9938247456853897,0.004595381938821216
2025-08-19,0.008794731965743104,0.9839494030174687,0.007255865016788119,0.0016201107876964692,0.9949599475949576,0.0034199416171871513
2025-08-20,0.004976682567434518,0.9874716134382063,0.007551703994359099,0.0011081233274356363,0.9941217549562219,0.0047701217165041325
2025-08-21,0.00556175261598232,0.9784154925339892,0.016022754850028412,0.002322405551591619,0.9730657476589594,0.024611846789651694
2025-08-22,0.02708548207536254,0.7569190608022616,0.21599545712237578,0.009395202391023056,0.8461332896223422,0.14447150798673009
2025-08-25,0.0549892694412758,0.8810546688259803,0.06395606173274385,0.012326084208027693,0.931459463050475,0.05621445274149179
2025-08-26,0.02854607763657354,0.8383693461989303,0.13308457616449612,0.005971411573175335,0.9214112010296297,0.07261738739741173
2025-08-27,0.010501288534290627,0.9562203173727887,0.03327839409292069,0.002772971756234147,0.9794643416477243,0.017762686596127664
2025-08-28,0.01737719993018842,0.9652686453020158,0.017354154767795643,0.004296918501249212,0.9825999199637928,0.013103161535106054
2025-08-29,0.01736962543029237,0.912979618913703,0.06965075565600462,0.004366445729024262,0.9540636176794474,0.04156993659156604
2025-09-02,0.018554347830237683,0.9316184482613659,0.049827203908396525,0.004599813120971092,0.9692931843996079,0.026107002479217312
2025-09-03,0.017899356879849268,0.9590065348984737,0.023094108221677064,0.004384165474996803,0.9836786292432507,0.011937205281898525
2025-09-04,0.009327635274833535,0.9830349556817369,0.007637409043429593,0.004116112863249012,0.9858691174789332,0.010014769657982009
2025-09-05,0.032276327506264205,0.8867340603780953,0.08098961211564043,0.01094434640832592,0.8822009193185127,0.10685473427328268
2025-09-08,0.051875704081627116,0.665021918881109,0.28310237703726404,0.012915787424631201,0.820013101858932,0.16707111071636388
2025-09-09,0.03063445224348322,0.9235294695474698,0.04583607820904692,0.006103792430455065,0.9712950390530845,0.02260116851662431
2025-09-10,0.012053539351976011,0.9741962551161858,0.013750205531838245,0.0023931467813815012,0.9909665903707164,0.006640262847705079
2025-09-11,0.00871168129185257,0.979362466969165,0.011925851738982364,0.0017532826154813262,0.9922404467694113,0.006006270615039718
2025-09-12,0.00805171944816267,0.9744045772537236,0.017543703298113722,0.001733803154538992,0.9894760507446422,0.008790146100665319
2025-09-15,0.011808119957619058,0.9699665693342145,0.01822531070816628,0.0022080015629750683,0.989277453135084,0.008514545301807123
2025-09-16,0.005254486514854349,0.9875133067937141,0.007232206691431463,0.0012764345910420514,0.9946441450453953,0.004079420363443042
2025-09-17,0.014121046296798789,0.9590586758648544,0.0268202778383469,0.002952323853526731,0.981158143297023,0.015889532849335402
2025-09-18,0.011841197789550314,0.9433718627844196,0.04478693942603007,0.002366060426412112,0.9760338740105126,0.021600065562940904
2025-09-19,0.005495056711568298,0.9829407467485467,0.011564196539884998,0.0017820861651633246,0.9921297703855179,0.006088143449313494
2025-09-22,0.027761041278500723,0.95027214691016,0.021966811811339124,0.005626422218519416,0.9838281787226546,0.010545399059026062
2025-09-23,0.009507599978482184,0.9818504798428898,0.008641920178627981,0.0025323880227642328,0.9926396726436852,0.004827939333536452
2025-09-24,0.010659183668708487,0.9701128836493227,0.01922793268196881,0.004170060066702591,0.9809633615615053,0.014866578371671714
2025-09-25,0.039456815224309535,0.8785646371114544,0.08197854766423619,0.009291451810812982,0.9472190215526242,0.04348952663649355
2025-09-26,0.01574593628239021,0.9636506322064753,0.02060343151113446,0.005156557027284949,0.9823901806646959,0.012453262307922491
2025-09-29,0.013637784783671588,0.9629715445051419,0.023390670711186543,0.0075880229055284455,0.9713002260597452,0.02111175103463274
2025-09-30,0.07617369055472868,0.8258959617508365,0.09793034769443489,0.017018007112028527,0.9222893955384776,0.06069259734961167
2025-10-01,0.03143993459826382,0.9108857651979833,0.05767430020375298,0.006043376009157016,0.9658868187905901,0.02806980520020716
2025-10-02,0.01057267411047848,0.9779930969225084,0.011434228967013215,0.0019376542236471182,0.992534752244441,0.005527593532112246
2025-10-03,0.006095240225700495,0.9811354521460652,0.012769307628234286,0.0011216582768611286,0.9926055160313216,0.006272825691652915
2025-10-06,0.005356495536635274,0.9782707846692932,0.016372719794071598,0.0010401616804198229,0.9914269024461498,0.007532935873460364
2025-10-07,0.007164489493621816,0.9857075716376802,0.007127938868698068,0.0013335560398201683,0.9952889650171483,0.0033774789429690875
2025-10-08,0.0060492882216574865,0.983043324841473,0.010907386936869493,0.0011326856803108942,0.9937295491525869,0.005137765166880496
2025-10-09,0.00461577203201007,0.9873171906386784,0.008067037329311558,0.0011345772590428912,0.9940075549298932,0.004857867811117922
2025-10-10,0.01594540059287525,0.9423055861588333,0.04174901324829139,0.0030131889247651837,0.976220466730935,0.02076634434450906
2025-10-14,0.00704473462051767,0.9757685289358002,0.017186736443682103,0.001459139827657363,0.9901710090173487,0.008369851155002139
2025-10-15,0.00900940310027705,0.9783324540244462,0.01265814287527666,0.0018577668240952559,0.9913820376786681,0.006760195497103351
2025-10-16,0.010422417669161825,0.963465234563046,0.026112347767792095,0.0019460901951099598,0.9853589998923276,0.012694909912787078
2025-10-17,0.006321166559817401,0.9789354576700243,0.014743375770158208,0.001235355449753781,0.9919331881201182,0.00683145642993534
2025-10-20,0.007631472786259692,0.9842513667258211,0.008117160487919144,0.001411639320900934,0.99482831795446,0.003760042724721028
2025-10-21,0.00573792792817616,0.9862698974594144,0.007992174612409478,0.0010987618251112007,0.9950945915360462,0.003806646638958093
2025-10-22,0.00692199060760792,0.9816940936376616,0.011383915754730543,0.0012682394463385822,0.9932647931162367,0.005466967437649605
2025-10-23,0.00529445311669402,0.9818201928275819,0.012885354055724085,0.00102829844920502,0.9929254616209181,0.00604623992986462
2025-10-24,0.00690675896936168,0.9835963402031956,0.009496900827442627,0.0013379437169286153,0.9940671843584948,0.004594871924785321
2025-10-27,0.007044138689473484,0.9803455093971072,0.012610351913419422,0.0013871712287280035,0.9922519211751571,0.00636090759619822
2025-10-28,0.005304640980286431,0.9874319711781238,0.007263387841589779,0.0015150762015790937,0.9894339987924203,0.009050925005924158
2025-10-29,0.023573440854536335,0.7946577477278953,0.1817688114175683,0.004714057122592819,0.8947020360106395,0.10058390686678727
2025-10-30,0.010381374423310098,0.9475442935932228,0.0420743319834672,0.0018795384472945413,0.9776702350805269,0.020450226471961385
2025-10-31,0.00554214431830761,0.9795390793665865,0.014918776315106056,0.0009892709091923867,0.9919861310514151,0.007024598039204557
2025-11-03,0.004450902741696969,0.9848275237174969,0.010721573540806039,0.0008300873988508653,0.9941905160752285,0.004979396525942246
2025-11-04,0.0045882444480129575,0.9889478989901965,0.006463856561790517,0.0010606100501122468,0.9948452237503607,0.004094166199458833
2025-11-05,0.012788132414399226,0.9396118821106478,0.04759998547495288,0.002560230947278037,0.9728567743989304,0.02458299465373738
2025-11-06,0.010000618317177934,0.9655346795497802,0.024464702133041808,0.00186583433981578,0.986500779444911,0.011633386215116769
2025-11-07,0.0059286416469850455,0.9831273587847289,0.010943999568286141,0.0012121132164817341,0.9934579550364181,0.0053299317469608235
2025-11-10,0.008492869520579134,0.9776818835800545,0.013825246899366466,0.0017090289993328589,0.9915614320648629,0.0067295389357289615
2025-11-12,0.008226594083446082,0.9787406101639106,0.0130327957526434,0.0017133576301923427,0.9916270387268054,0.006659603642812642
2025-11-13,0.010240173454725165,0.9702167723479203,0.019543054197354644,0.001967150966811458,0.9882963513444651,0.009736497688602753
2025-11-14,0.007892063924607399,0.9740665910998086,0.018041344975584,0.001450009366068831,0.9902188316782776,0.008331158955873276
2025-11-17,0.005482266183410827,0.987641069898864,0.006876663917725199,0.0010518338978169326,0.9953625868078315,0.003585579294422016
2025-11-18,0.0066624211497120795,0.9703917999892346,0.0229457788610532,0.0012969982995096902,0.9876282226622246,0.01107477903834913
2025-11-19,0.007519819380646667,0.9788942228893248,0.01358595773002861,0.0014104753297502284,0.9921799280670535,0.006409596603397906
2025-11-20,0.005617508428294838,0.984965052201389,0.009417439370316303,0.0011871647945864807,0.9939182747748503,0.004894560430591564
2025-11-21,0.009779200484540129,0.9683028631506579,0.021917936364801997,0.0019366934194407091,0.9872725662308133,0.010790740349532783
2025-11-24,0.008995208487883608,0.9748965411417658,0.016108250370350505,0.0016530689666956898,0.9908113932047775,0.007535537828372412
2025-11-25,0.005179669715418368,0.9859156553906089,0.008904674893972737,0.0010862789818469373,0.9945692490847212,0.004344471933571647
2025-11-26,0.009649067579073424,0.9762573871156623,0.01409354530526418,0.0018421086742898198,0.991382427133131,0.00677546419261335
2025-11-28,0.005141733030931303,0.9853627736360877,0.009495493332980975,0.0013768098643732352,0.992692728762484,0.0059304613732192426
2025-12-01,0.007876520095517526,0.9492662283357431,0.04285725156873924,0.0037862680238622973,0.9726838297648026,0.0235299022111854
2025-12-02,0.011793199096977127,0.9663293324697585,0.021877468433264397,0.01215769816492896,0.9745224050197732,0.013319896815136276
2025-12-03,0.005904307958196675,0.9836078220838506,0.010487869957952818,0.03479354817671954,0.9510511231858467,0.01415532863726796
2025-12-04,0.006806809239364368,0.9745735841630767,0.018619606597558847,0.1897971080562438,0.7546290612392306,0.0555738307044193
2025-12-05,0.9132978929523828,0.018163684559189135,0.0685384224884279,0.9569276977762621,0.012177870851171915,0.030894431372507095
2025-12-08,0.4192191258340343,0.5624941976259223,0.018286676540043335,0.8754316158251088,0.11831029730517402,0.006258086869630994
2025-12-09,0.19978388771064495,0.7859562844185155,0.014259827870839547,0.9003351465399496,0.09335138208371087,0.006313471376562024
2025-12-10,0.9999910729556267,9.84221297089965e-16,8.927044372256062e-06,0.9999991099138565,2.610298317910285e-17,8.900861337894805e-07
2025-12-11,0.9999985880572133,5.140302235337117e-08,1.3605397642820234e-06,0.999997639934065,8.434694013425724e-08,2.2757189506145186e-06
2025-12-12,0.8118903730518772,0.18669200324725055,0.0014176237008722231,0.7685338561410308,0.22999018136977903,0.001475962489381482
2025-12-15,0.875873770735722,0.11695704135405446,0.007169187910223478,0.628891380956895,0.359889427196982,0.011219191846300642
2025-12-16,0.5684846375845088,0.42519929641707105,0.006316065998420146,0.22444071015777062,0.7702316233718427,0.00532766647049044
2025-12-17,0.2009560300291741,0.7924429373246866,0.006601032646139373,0.07019946687589315,0.9261914406416095,0.003609092482529001
2025-12-18,0.05938645398986213,0.934279568784007,0.00633397722613089,0.03847517854640911,0.9580414927028776,0.0034833287506780036
2025-12-19,0.018646201523116364,0.9697261097864063,0.011627688690477412,0.041905893933904904,0.9498046553488184,0.00828945071718664
2025-12-22,0.010636759483609991,0.9793691605753779,0.009994079941012072,0.09562823491921336,0.890047028616334,0.014324736464366085
2025-12-23,0.09004944785310313,0.8687573422731751,0.041193209873721714,0.33284448542041317,0.6326321793623454,0.034523335217324896
2025-12-24,0.02374851058797693,0.9639416923583953,0.012309797053627678,0.42158562606746885,0.5469981889735368,0.03141618495884403
2025-12-26,0.6935644481541269,0.027247504722490126,0.2791880471233831,0.893922007855333,0.008655380389668774,0.09742261175496113
2025-12-29,0.4810576211102163,0.43867818635658784,0.08026419253319583,0.9002032515134419,0.06847331485273542,0.03132343363367448
2025-12-30,0.8691909655280056,0.09107583796014806,0.039733196511846355,0.9297745376301179,0.04799616113331385,0.02222930123653623
2025-12-31,0.9074850013769339,0.07790986397749292,0.014605134645573161,0.8734514044173238,0.11314837285595548,0.013400222726811763
2026-01-02,0.8665028169165098,0.12825907181166463,0.0052381112718256516,0.6819439323507454,0.311948824749373,0.006107242899971567
2026-01-05,0.32392679416729797,0.6723493838217829,0.003723822010919196,0.36604595199412937,0.6318638920688578,0.0020901559368227854
2026-01-06,0.06112776601773324,0.9323660360397388,0.006506197942527935,0.3394086280340629,0.6542757714044887,0.006315600561579766
2026-01-07,0.025852338402931604,0.9629585724469045,0.011189089150163924,0.4723592306001147,0.5046260935223943,0.02301467587755616
2026-01-08,0.5798305844947893,0.2689831867611915,0.15118622874401927,0.9560342759626674,0.013248053922424787,0.030717670114891446
2026-01-09,0.9954913197958859,0.0001647139417244822,0.004343966262389569,0.9920642896639242,0.0005106548388468535,0.007425055497164619
2026-01-12,0.7890279314082291,0.20913367688902815,0.0018383917027428342,0.5309156794373798,0.46695237743743256,0.002131943125042328
2026-01-13,0.4844584097981607,0.5087101662566841,0.0068314239451552575,0.26845386141258215,0.7264980457959296,0.005048092791709125
2026-01-14,0.4094488509822268,0.5838940833222254,0.006657065695547864,0.1695463484245058,0.8235097242463743,0.006943927328909085
2026-01-15,0.29502333692957466,0.6659981331173166,0.038978529953108715,0.08829058792255666,0.8790515076483835,0.0326579044289984
2026-01-16,0.07940242501905437,0.8999809246418362,0.020616650339109432,0.03272762708166883,0.9351076684177971,0.03216470450058011
2026-01-20,0.09847298166185181,0.6698961689639631,0.23163084937418513,0.028733406126792708,0.8307306754105209,0.14053591846247926
2026-01-21,0.043664775900014156,0.9303705243425304,0.025964699757455342,0.014563913088781907,0.9628380406687241,0.022598046242455132
2026-01-22,0.058640945359191246,0.834457600006448,0.10690145463436086,0.012998171855271575,0.9300347685357768,0.05696705960903773
2026-01-23,0.022965916534353426,0.9546572510799751,0.022376832385671574,0.004861813428158476,0.9837161418542169,0.011422044717468476
2026-01-26,0.013609181252738878,0.970217991818782,0.016172826928479163,0.0028381307197980444,0.9879880207324236,0.00917384854795613
2026-01-27,0.011983773784121627,0.952366614554311,0.03564961166156729,0.0022872023002468126,0.9806736903249708,0.017039107374960092
2026-01-28,0.006143091150172177,0.9828501984731933,0.011006710376634492,0.0014239370199043316,0.993043394221964,0.005532668758161961
2026-01-29,0.008809362586147422,0.9778299253245046,0.013360712089347996,0.0026375563040960987,0.9889292614104371,0.008433182285261099
2026-01-30,0.024302261666256715,0.927304474831497,0.048393263502246195,0.005360888260510773,0.9702267709459951,0.02441234079363679
2026-02-02,0.013144786716845701,0.968817518532671,0.018037694750483328,0.0033536926093925275,0.9879891727288724,0.008657134661837432
2026-02-03,0.005600420731284251,0.986667731852723,0.0077318474159926995,0.004091304717992383,0.9909230969433953,0.004985598338693728
2026-02-04,0.022278287850275316,0.9470112423914401,0.030710469758284602,0.018866747666722437,0.9602771239423435,0.020856128391075684
2026-02-05,0.15677670262596896,0.7938361488778322,0.04938714849619886,0.035107787130489496,0.9378822882845748,0.027009924584787886
2026-02-06,0.04304544113490261,0.9445132792460121,0.01244127961908529,0.008250445446956505,0.9858559539489359,0.005893600604065751
2026-02-09,0.01080135762143888,0.9823514023168405,0.00684724006172069,0.0023229336534864474,0.994336398260695,0.0033406680856237145
2026-02-10,0.010627680649038204,0.9765633938914848,0.012808925459477065,0.0023279542735334525,0.9912667178350659,0.006405327891182983
2026-02-11,0.00777144768915262,0.9767039263210786,0.015524625989768826,0.0024849160539241687,0.9894460621273723,0.008069021818810248
2026-02-12,0.028229305745370255,0.9533856754134082,0.01838501884122157,0.005874299719787461,0.9843325985448815,0.0097931017353726
2026-02-13,0.01155822607974179,0.9662542204907202,0.02218755342953805,0.0029139765931667696,0.9853346184491216,0.011751404957614217
2026-02-17,0.02128175379886524,0.9535524105369129,0.025165835664221994,0.003878723054658225,0.984107087380675,0.01201418956459556
2026-02-18,0.006864007977402857,0.9821740785598493,0.010961913462747917,0.001274957186195655,0.993698421302624,0.005026621511229696
2026-02-19,0.005451580741791513,0.9878260023370968,0.006722416921111659,0.001099583934093522,0.9956672091734025,0.003233206892335556
2026-02-20,0.008342276735368831,0.9800034713795532,0.011654251885077958,0.0015904766621161386,0.9924738631259891,0.005935660212029805
2026-02-23,0.006797272288320756,0.972959741919735,0.02024298579194433,0.001345612545772342,0.9890094440608449,0.009644943393563232
2026-02-24,0.007750190519940142,0.9806088834362722,0.011640926043787737,0.001524908161910133,0.9929946099559506,0.0054804818820488954
2026-02-25,0.007185503919898632,0.9830742760206124,0.009740220059489008,0.0015147738408486425,0.9938395382155587,0.004645687943492249
2026-02-26,0.005089532182817703,0.9874330023541044,0.007477465463077917,0.00197715186770428,0.9927264336469208,0.005296414485529238
2026-02-27,0.007322664071479117,0.9727126262215395,0.019964709706981342,0.007671657105531638,0.9599106788622548,0.03241766403230239
2026-03-02,0.0793661627117578,0.66372760038475,0.25690623690349224,0.032118581648286744,0.8147652912770725,0.15311612707447922
2026-03-03,0.024622659015969512,0.9475865038864951,0.027790837097535253,0.026846387512074726,0.9541203875663978,0.019033224921753442
2026-03-04,0.012161939010227676,0.9724427951886853,0.015395265801087092,0.049391811213476564,0.9259367898305392,0.024671398955761262
2026-03-05,0.43168006386501073,0.43978952655962394,0.12853040957536535,0.1551028755586182,0.7326676429621798,0.11222948147933105
2026-03-06,0.2050315873967037,0.7498884948051359,0.045079917798160514,0.049716209520852,0.9211903262188799,0.029093464260173164
2026-03-09,0.06067723699131745,0.9227993731829368,0.016523389825745655,0.013276426953948267,0.9706537709807131,0.01606980206529665
2026-03-10,0.014938754331128325,0.9645433779668424,0.020517867702029343,0.005864251759704747,0.9283086807985866,0.06582706744171181
2026-03-11,0.015501110852573666,0.9148739755030327,0.06962491364439355,0.012411034645254837,0.6107827916462998,0.3768061737084372
2026-03-12,0.07186823510529768,0.02758123735226595,0.9005505275424364,0.03647664827772611,0.04487589636039895,0.9186474553618089
2026-03-13,0.13293108994553665,0.4669854543583645,0.4000834556960988,0.04289203128175219,0.6678583310901719,0.2892496376279361
2026-03-16,0.09120195153979517,0.8590229432217027,0.04977510523850213,0.019826462995083942,0.9301377741807072,0.05003576282422248
2026-03-17,0.026095089293806845,0.9594130861603827,0.014491824545810505,0.007348375410581754,0.909499618774256,0.08315200581515714
2026-03-18,0.09297672431564528,0.622162075152345,0.2848612005320096,0.011907628169208033,0.30274164908918627,0.6853507227416996
2026-03-19,0.13742058142260355,0.4424992090464478,0.4200802095309487,0.012413642588948653,0.17012711910145625,0.8174592383094766
2026-03-20,0.032766411059065005,0.09054507914523145,0.8766885097957036,0.011660759972079401,0.11062656004796749,0.8777126799801533
2026-03-23,0.053537503389183734,0.8406304150578261,0.10583208155299008,0.02165021518448726,0.5443614370764235,0.4339883477388679
2026-03-24,0.2338085110927669,0.20562569526583147,0.5605657936414017,0.03181879356009783,0.16836568818899145,0.7998155182509558
2026-03-25,0.14349429798914654,0.6984032259701852,0.15810247604066818,0.008646337023626716,0.33122321074795935,0.6601304522284493
2026-03-26,0.09133634868761628,0.015440163883582853,0.8932234874288009,0.009478144604900096,0.002017116859336575,0.9885047385359724
2026-03-27,0.03771148094402905,0.0008892369520177646,0.9613992821039532,0.018200829358187544,0.0018286493936618506,0.9799705212482696
2026-03-30,0.09439696371933633,0.6839357625275337,0.22166727375313003,0.022850836089577917,0.8464942474606032,0.13065491644983682
2026-03-31,0.028248972582571294,0.9386946610508741,0.033056366366554665,0.007396584022225758,0.9743749314771413,0.018228484500697868
2026-04-01,0.02756855885285769,0.9418304462008253,0.030600994946316972,0.0059684436604381915,0.9793480231709425,0.014683533168474308
2026-04-02,0.016820614829571836,0.9741146440230478,0.009064741147380326,0.0032798601334098607,0.9920781233988482,0.004642016467533059
2026-04-03,0.008228500471080103,0.9738796011347027,0.01789189839421725,0.0018041930927628319,0.9888006161921793,0.009395190715237178
2026-04-06,0.011057696186660733,0.968644067874594,0.020298235938745246,0.002375622038019421,0.985903290000627,0.011721087961169973
2026-04-07,0.01327421792397576,0.9464250834548315,0.04030069862119273,0.0024174366302410727,0.9786683346490568,0.01891422872057511
2026-04-08,0.006091096070598558,0.9849112300667782,0.008997673862623307,0.00107484128546464,0.9947288478565087,0.004196310858209623
2026-04-09,0.004318316146670371,0.9862726815928753,0.009409002260454389,0.000777482210477416,0.9948536986869306,0.004368819102795992
2026-04-10,0.004738941007282137,0.9861372233889972,0.009123835603720626,0.0008548625740517601,0.9949893409037759,0.00415579652239481
2026-04-13,0.004803127993377467,0.9886448242196231,0.006552047786999483,0.0008705659961522218,0.9961177446948234,0.003011689308814994
2026-04-14,0.004784947952804474,0.9877983811760204,0.007416670871175158,0.0009035966412828802,0.9955626028878558,0.003533800470847049
2026-04-15,0.005510710005159523,0.983251510220142,0.011237779774698434,0.0011521889238145652,0.9932933968463908,0.005554414229807796
2026-04-16,0.004909650065151166,0.9806053918259519,0.014484958108896976,0.0018454407615876424,0.990516106894965,0.007638452343534488
2026-04-17,0.03264914260158915,0.9477068698179827,0.019643987580428235,0.007224516249871909,0.9825192895929273,0.010256194157174426
2026-04-20,0.012907799381160715,0.9734585174513658,0.013633683167473458,0.003882473999360103,0.9860975263526358,0.010019999648021811
2026-04-21,0.029328515518181567,0.8953832618372863,0.07528822264453214,0.006072707383396474,0.9562235779419838,0.03770371467476347
2026-04-22,0.010375757794870231,0.9748696211452007,0.014754621059929135,0.0027512570185361097,0.9893841597466642,0.007864583234765953
2026-04-23,0.011037251484831718,0.967242804476873,0.021719944038295257,0.004233947084524875,0.9837878748631427,0.01197817805217702
2026-04-24,0.034768509033824974,0.9410764123753466,0.024155078590828417,0.00895246831913008,0.9774955886902015,0.01355194299078797
2026-04-27,0.015114340184219172,0.9672334663387117,0.017652193477069127,0.006307181217863135,0.9785939763246747,0.01509884245741761
2026-04-28,0.02029688535720823,0.9360135444740969,0.04368957016869484,0.011481723340125554,0.935074208232739,0.05344406842721145
2026-04-29,0.09261586125205774,0.7170470309835646,0.19033710776437762,0.02108387426432012,0.8595652953015138,0.11935083043426983
2026-04-30,0.029574357275663016,0.9070614302278966,0.06336421249644025,0.0061822450839820325,0.9616354358693676,0.03218231904682053
2026-05-01,0.01105227562664358,0.9739687490850412,0.014978975288315207,0.0029227901077621926,0.9879233983815229,0.009153811510794812
2026-05-04,0.020332864576729705,0.935217827278517,0.044449308144753216,0.004335300513464921,0.9734090998992335,0.022255599587381963
2026-05-05,0.011022854878044663,0.9726767090780204,0.016300436043934927,0.0027685346742994405,0.9888841852737585,0.00834728005209643
2026-05-06,0.011801240773765008,0.9730970226819725,0.01510173654426241,0.003756627863519705,0.9868432056211816,0.009400166515226413
2026-05-07,0.03272071139090785,0.9193200844855557,0.04795920412353644,0.006530382346517613,0.9703290210179082,0.02314059663558831
2026-05-08,0.010178648763842425,0.9814199581482074,0.00840139308795019,0.00245391430381126,0.9927681360331697,0.004777949662848095
2026-05-11,0.015946902784315473,0.9533259041260412,0.030727193089643317,0.003311870736923302,0.9803560377878948,0.016332091475329717
2026-05-12,0.012546284875484726,0.9611669724392449,0.02628674268527046,0.0023389783700440555,0.984676549363733,0.01298447226626683
2026-05-13,0.005402702824226942,0.9838611916820273,0.0107361054937458,0.0012843946995863245,0.9908848269919152,0.007830778308708736
2026-05-14,0.012307886252483356,0.9546353590344914,0.03305675471302528,0.002908719987700002,0.9596160918900389,0.03747518812239621
2026-05-15,0.018058347676685564,0.7856716734928317,0.19626997883048278,0.0038822821554788897,0.8929566429137153,0.1031610749309002
2026-05-18,0.009875667001545784,0.9703647613399017,0.019759571658552525,0.0024977674983209597,0.9860357454300832,0.011466487071616727
2026-05-19,0.011618768466060176,0.958480222692168,0.029901008841771888,0.00378224790748207,0.9773247067298737,0.018893045362820327
2026-05-20,0.02628916367388032,0.9412029991734175,0.03250783715270216,0.006937662247105775,0.9665460233889616,0.026516314363956645
2026-05-21,0.016643061533676017,0.9450296659900322,0.0383272724762917,0.006205608773321224,0.9400499203536945,0.053744470872795255
2026-05-22,0.03726929382422653,0.7389314808235263,0.22379922535224708,0.010799711157944435,0.8432840716117989,0.145916217230239
2026-05-26,0.047589392868092564,0.851345994247689,0.10106461288421856,0.009396162239674866,0.9402392780901285,0.05036455967009735
2026-05-27,0.012954503725519003,0.9755779805616788,0.01146751571280222,0.0024079090889447185,0.9922399911437481,0.00535209976738852
2026-05-28,0.006681230027618823,0.9849371020640593,0.008381667908321852,0.001270106905003178,0.9947441843483129,0.003985708746891335
2026-05-29,0.005488616358697395,0.9857618143552956,0.008749569286006884,0.0012527013297050661,0.993402720296561,0.005344578373936478
2026-06-01,0.013098212072578153,0.941407897583819,0.04549389034360275,0.002529514170459453,0.9753845584312626,0.022085927398261488
2026-06-02,0.007606490485806484,0.9801695926243896,0.012223916889803933,0.0015451040995805763,0.9918434687286253,0.006611427171636166
2026-06-03,0.006501341145655705,0.9786541413126473,0.014844517541696977,0.0017756596775283114,0.9845665998905934,0.01365774043182722
2026-06-04,0.014711913368344069,0.9735332250552989,0.01175486157635705,0.004340551433677118,0.9323971397048617,0.06326230886164359
2026-06-05,0.030941116929701824,0.20273541997848446,0.7663234630918137,0.009615807216119444,0.3575961574281615,0.6327880353557336
2026-06-08,0.024438268865171017,0.8557411039835637,0.11982062715126537,0.004911215045291794,0.9358346881103358,0.05925409684422754
2026-06-09,0.01045358858713279,0.9769260929418916,0.012620318470975604,0.002074818948469471,0.9919754769374887,0.00594970411395208
2026-06-10,0.004921842647346273,0.9861347451413004,0.008943412211353346,0.001681085584976568,0.9937353517105572,0.004583562704454892
2026-06-11,0.0313709955879498,0.9517045908604389,0.016924413551611273,0.006048136749137002,0.9854656300160597,0.008486233234686776
2026-06-12,0.012198056876691057,0.9729452111141454,0.01485673200916343,0.002120874058253635,0.9903440045366211,0.007535121405272053
2026-06-15,0.005404143011103087,0.9849442897705335,0.00965156721836347,0.0008024714607378198,0.9897265015545954,0.009471026984807309
2026-06-16,0.007645072699180217,0.9839565355822388,0.008398391718580906,0.00015640819961698215,0.9296474232861567,0.07019616851423191
2026-06-17,0.0006263717972090187,0.0008629023111399966,0.9985107258916509,0.00024911737693128223,0.0018986204405448941,0.9978522621824625
2026-06-18,0.031201476390184914,0.8574114794843075,0.11138704412550757,0.006366715715956536,0.9331993024508785,0.060433981833017625
2026-06-22,0.012177817165217781,0.9531046277787242,0.0347175550560581,0.002591123339981505,0.9807882718204693,0.01662060483964028
2026-06-23,0.00638478750178717,0.983006299292576,0.010608913205636828,0.00232759024249511,0.9923006690361637,0.005371740721269175
2026-06-24,0.03353455515587431,0.9515006849374866,0.01496475990663912,0.007097804889808745,0.9854567593507428,0.0074454357593215035
2026-06-25,0.0180677283464651,0.968429322040954,0.013502949612580847,0.003322969403416524,0.9899836551232367,0.006693375473428005
2026-06-26,0.007074905442034818,0.9771534855484113,0.015771609009553825,0.001329866645968687,0.9911647466381416,0.007505386715682262
2026-06-29,0.005696640452048819,0.98391482939189,0.010388530156061117,0.0011896705849088,0.9933419675283461,0.005468361886614671
2026-06-30,0.00625168691773135,0.9739308929288537,0.019817420153415,0.0018647597653793455,0.9864193476640832,0.011715892570398784
2026-07-01,0.017726814501883625,0.9478798254564308,0.03439336004168564,0.004989954695421075,0.9749215994677659,0.020088445836916567
2026-07-02,0.030813523144749645,0.9290280458444198,0.040158431010830636,0.005893976586386018,0.9740090753959251,0.020096948017749843
2026-07-06,0.008685830119241416,0.9775361217543823,0.013778048126376315,0.001948864931089091,0.9902030309901073,0.007848104078899963
2026-07-07,0.014216491067667102,0.9496116524428923,0.03617185648944067,0.002608725399126056,0.9801501070806408,0.01724116752019513
2026-07-08,0.006320411536732557,0.9826014408359787,0.01107814762728877,0.0011682469227274766,0.9935426769779788,0.005289076099498547
2026-07-09,0.005432796079177102,0.983511327474653,0.011055876446169998,0.001065834311410494,0.9932402552266049,0.005693910461933311
2026-07-10,0.0069547666149630824,0.9751621604229426,0.017883072962094296,0.0014336655665598082,0.9881207980232487,0.010445536410037608
2026-07-13,0.009887308341655665,0.9545310702904043,0.03558162136793999,0.001884782309250317,0.9782014944120043,0.019913723278778935
2026-07-14,0.0075562473184428635,0.9591849493452029,0.0332588033363541,0.0014251767381392162,0.9804489534369841,0.018125869824821568
2026-07-15,0.006883682993731839,0.9597341643342847,0.0333821526719835,0.0012684794697987248,0.9828232841612883,0.01590823636879391
2026-07-16,0.005226261416182042,0.9834986645857725,0.011275073998045509,0.0010411056961476478,0.9932593373195617,0.005699556984088245
2026-07-17,0.008186441629416582,0.9731452885182216,0.018668269852361814,0.0015179736287846456,0.989272867343916,0.009209159027254497
2026-07-20,0.005846560822380338,0.9792202434444686,0.014933195733151022,0.0011408582671490794,0.991030751509034,0.007828390223815552
2026-07-21,0.007592276034178008,0.9684392994357038,0.023968424530118073,0.0014224174545900577,0.9867348399639566,0.011842742581263707
2026-07-22,0.006128319354855799,0.9779004233738471,0.015971257271297192,0.0011903596743035045,0.9907370384083548,0.008072601917479744
2026-07-23,0.00764332738541111,0.9722189399280068,0.020137732686582196,0.0013913893322959512,0.989217733242162,0.009390877425345362
2026-07-24,0.005448006985866897,0.9862539016303082,0.008298091383824839,0.000986947897948846,0.9947853899317219,0.004227662170331922
2026-07-27,0.006241716163340505,0.9835812347407182,0.010177049095941249,0.0009430123222699491,0.9892867348324359,0.009770252845083061
2026-07-28,0.007156917329579408,0.9846067118862489,0.008236370784171615,0.00023008334030183224,0.932137409231169,0.06763250742849602
2026-07-29,0.0014047711729671033,0.010017921782676617,0.9885773070443563,0.0005509683922660151,0.020947957227871492,0.9785010743798603
2026-07-30,0.03593955900854296,0.7945068904484374,0.16955355054301965,0.007528835468113742,0.8952378035326469,0.09723336099929793
2026-07-31,0.014045563884237678,0.9359222449300562,0.05003219118570617,0.0029311158730021916,0.9723974345908287,0.024671449536145026
2026-08-03,0.009517774035885225,0.9747163540120892,0.015765871952025647,0.0022569899495082073,0.9901292208094721,0.007613789240870368
2026-08-04,0.007849897121978628,0.9809741945880234,0.011175908289997982,0.0030793607069754406,0.9911813391046186,0.005739300188370482
2026-08-05,0.00579851938137724,0.9872982826163895,0.006903198002233147,0.00837655191918924,0.9835966768708461,0.008026771210098683
2026-08-06,0.06946481574552434,0.8163803404562588,0.11415484379821679,0.04252827801259879,0.8798150450344574,0.07765667695303695
2026-08-07,0.17226013830604825,0.7677744180620658,0.05996544363188603,0.04631728571572747,0.9141637885598689,0.03951892572454437
2026-08-10,0.09228594402682117,0.8634229065974967,0.04429114937568217,0.017979865750766696,0.9597215998149431,0.022298534434209257
2026-08-11,0.01752932261438173,0.9736096408444672,0.008861036541151095,0.0031572166828796027,0.9926345479896426,0.004208235327368035
2026-08-12,0.006071608784525824,0.9836949211567843,0.010233470058689865,0.0011403376825951611,0.9940094727719678,0.004850189545265448
2026-08-13,0.005678960238771543,0.9846835688681732,0.00963747089305531,0.0011561919443855231,0.9936250487468122,0.005218759308848008
2026-08-14,0.008959380824188023,0.9705917949363626,0.020448824239449343,0.0017000724432207968,0.9846490234944046,0.013650904062527117
2026-08-17,0.006445774798555322,0.9639370240317341,0.02961720116971061,0.0014444224711034428,0.9668175185168999,0.031738059012144264
2026-08-18,0.008416380115784479,0.9748412503307007,0.016742369553514883,0.0028647667019882873,0.904449890050055,0.09268534324799918
2026-08-19,0.03133836088860508,0.17005907279245075,0.7986025663189441,0.010166064885636573,0.30876638074185675,0.6810675543727025
2026-08-20,0.026407463442726677,0.8522209336029879,0.12137160295428545,0.0056984006757734755,0.929002620327593,0.0652989789964501
2026-08-21,0.01271690184609126,0.9568425191411333,0.03044057901277539,0.00312726891760035,0.9809347582842682,0.01593797279823031
2026-08-24,0.011981026795854706,0.9646669478517187,0.023352025352426555,0.0037551935914286526,0.9846985031967019,0.011546303211903544
2026-08-25,0.02946469973402403,0.9584264167618104,0.01210888350416556,0.006338840947443311,0.9872376583708306,0.006423500681899815
2026-08-26,0.009289483843640176,0.9789031795546789,0.011807336601681052,0.0033677714760158932,0.985642095246718,0.010990133277427027
2026-08-27,0.005100923627863702,0.9863992413790825,0.00849983499305367,0.007912661030542754,0.930012441832657,0.06207489713679736
2026-08-28,0.026805430436210136,0.0805202412613557,0.8926743283024342,0.04869632862842191,0.09961250118050737,0.8516911701911655
2026-08-31,0.03084091055748604,0.7744297657245955,0.1947293237179185,0.1912511400975392,0.5387428418515081,0.27000601805078583
2026-09-01,0.024761595625168234,0.8787608512959817,0.09647755307885011,0.43138472394391447,0.403489483943755,0.16512579211222966
2026-09-02,0.9999939803207927,6.639562537688063e-17,6.019679207300775e-06,0.9999994085989713,1.7499224145124437e-18,5.914008951370229e-07
2026-09-03,0.9999999845592765,4.276095856759865e-13,1.5440295864251657e-08,0.999999998405201,1.1513773388424277e-14,1.5949521446976888e-09
2026-09-04,0.9999201056249463,3.264233350301482e-07,7.956795171871182e-05,0.9999921714344898,8.604856611209259e-09,7.819960645235056e-06
2026-09-08,0.9999994969311758,3.526785815643266e-09,4.995420384032549e-07,0.9999999508304439,9.295105952867807e-11,4.907654387754611e-08
2026-09-09,1.0,3.424016638681153e-40,6.339535183093445e-18,1.0,3.955032889372946e-40,5.370079706340154e-17
2026-09-10,0.9700523485414906,0.022289689303713278,0.007657962154796177,0.9576491812055664,0.029522132995287463,0.012828685799335953
2026-09-11,0.7831270126063784,0.2041023699790782,0.01277061741454338,0.7831270126063413,0.20410236997922412,0.012770617414548059
